{
  "weight": 0.34,
  "ads_addend": 0.05,
  // 近战伤害，用于刺刀
  "melee": {
    // 刺伤范围，以玩家视角为中心的立方体区域
    // 枪械里还有个刺刀攻击距离参数，两者做加和
    "range": [5, 1, 2],
    // 伤害值
    "damage": 14,
    // 击退效果
    "knockback": 0.0,
    // 延迟伤害，单位：秒
    "delay_damage_time": 0.2
    // 额外效果
//    "effects": [
//      // 可以添加多个效果
//      {
//        // 效果 ID
//        "id": "minecraft:poison",
//        // 时长，秒
//        "time": 5,
//        // 效果等级
//        "amplifier": 1,
//        // 是否显示粒子效果
//        "hide_particles": true
//      }
//    ]
  }
}