{
  "model": "emxarms:gun/emx_rivet_geo",
  "texture": "emxarms:gun/uv/emx_rivet",
//  "lod": {
//    "model": "tacz:gun/lod/m4a1",
//    "texture": "tacz:gun/lod/m4a1"
//  },
  "hud": "emxarms:gun/hud/emx_rivet",
  "slot": "emxarms:gun/slot/emx_rivet",
  "animation": "emxarms:emx_rivet",
  "use_default_animation": "rifle",
  "third_person_animation": "default",
  "transform": {
    "scale": {
      "thirdperson": [0.6, 0.6, 0.6],
      "ground": [0.6, 0.6, 0.6],
      "fixed": [1.2, 1.2, 1.2]
    }
  },
  "muzzle_flash": {
    "texture": "emxarms:flash/emx_muzzle_flash",
    "scale": 0.75
  },
  "shell": {
    "initial_velocity": [5, 2, 1],
    "random_velocity": [1, 1, 0.25],
    "acceleration": [0.0, -10, 0.0],
    "angular_velocity": [360, -1200, 90],
    "living_time": 1.0
  },
  "sounds": {
    "shoot": "emxarms:emx_rivet/emx_rivet_shoot",
    "shoot_3p": "emxarms:emx_rivet/emx_rivet_shoot_3p",
    "reload_empty": "emxarms:emx_rivet/m4a1_reload_empty",
    "reload_tactical": "emxarms:emx_rivet/m4a1_reload_tactical",
    "inspect": "emxarms:emx_rivet/m4a1_inspect",
    "inspect_empty": "emxarms:emx_rivet/m4a1_inspect_empty",
    "draw": "emxarms:emx_rivet/m4a1_draw",
    "put_away": "emxarms:emx_rivet/m4a1_put_away",
    "silence": "emxarms:emx_rivet/m4a1_silence",
    "silence_3p": "emxarms:emx_rivet/m4a1_silence_3p",
    "dry_fire": "emxarms:emx_dw",
    "fire_select": "emxarms:emx_mode",
	"kill": "emxarms:emx_hit1"
  },
  "text_show": {
    // 作用的组名，该组的旋转点决定文本的位置和朝向
    "ammo_count_text_show_pos": {
      // 文本缩放，默认大小对于 BlockBench 里的 1
      "scale": 0.5,
      // 对齐方式：right，center，left
      "align": "center",
      // 阴影
      "shadow": false,
      // 文本颜色
      "color": "#53f9af",
      // 亮度：1-15
      "light": 15,
      // 本地化，且支持PlaceholderAPI 风格的占位符
      // 目前仅支持两个：%player_name% %ammo_count%
      "text": "%ammo_count%"
    },
    "ammo_count_text_show_pos2": {
      // 文本缩放，默认大小对于 BlockBench 里的 1
      "scale": 0.5,
      // 对齐方式：right，center，left
      "align": "left",
      // 阴影
      "shadow": false,
      // 文本颜色
      "color": "#53f9af",
      // 亮度：1-15
      "light": 15,
      // 本地化，且支持PlaceholderAPI 风格的占位符
      // 目前仅支持两个：%player_name% %ammo_count%
      "text": "%player_name%"
    }
  },
  "offhand_show": {
    "pos": [1, 19, 4],
    "rotate": [0, 0, 50],
    "scale": [0.5, 0.5, 0.5]
  },
  "hotbar_show": {
    "0": {
      "pos": [-1, 19, 3],
      "rotate": [-180, 0, 130],
      "scale": [0.5, 0.5, 0.5]
    }
  }
}