{
  "ammo": "emxarms:339x57",
  "ammo_amount": 80,
  "extended_mag_ammo_amount": [
    120,
    150,
    200
  ],
  "bolt": "open_bolt",
  "rpm": 600,
  "bullet": {
    "life": 0.75,
    "bullet_amount": 1,
    "damage": 10.2,
    "tracer_count_interval": 0,
    "extra_damage": {
      "armor_ignore": 0.45,
      "head_shot_multiplier": 1.40,
      "damage_adjust": [
        {"distance": 0.5, "damage": 18.5},
        {"distance": 25, "damage": 10.2},
		{"distance": 35, "damage": 8.2},
        {"distance": 60, "damage": 7.0},
        {"distance": "infinite", "damage": 6.8}
      ]
    },
    "speed": 280,
    "gravity": 0.0245,
    "knockback": 0,
    "friction": 0.01,
    "ignite": false,
    "pierce": 1
  },
  "reload": {
    "type": "magazine",
    "feed": {
      "empty": 2.8,
      "tactical": 2.8
    },
    "cooldown": {
      "empty": 4.7,
      "tactical": 3.8
    }
  },
  "draw_time": 0.55,
  "put_away_time": 1.1,
  "aim_time": 0.2,
  "sprint_time": 0.21,
  "fire_mode": [
    "auto",
    "burst"
  ],
  "burst_data": {
    "continuous_shoot": true,
    "count": 3,
    "bpm": 800,
    "min_interval": 0.2
  },
  "recoil": {
    "pitch": [
      {"time": 0, "value": [0.78, 0.98]},
      {"time": 0.3, "value": [0.45, 0.45]},
      {"time": 0.5, "value": [-0.125, -0.125]},
      {"time": 0.65, "value": [0, 0]}
    ],
    "yaw": [
      {"time": 0, "value": [0.15, 0.25]},
      {"time": 0.3, "value": [0.15, 0.25]},
      {"time": 0.5, "value": [0, 0]}
    ]
  },
  "inaccuracy": {
    "stand": 7.5,
    "move": 8.2,
    "sneak": 6.8,
    "lie": 6.6,
    "aim": 1.0
  },
  "allow_attachment_types": [
    "scope",
    "grip",
	"stock",
	"muzzle",
    "extended_mag"
  ],
  "exclusive_attachments": {
  }
}