{
  "ammo": "emxarms:339x57",
  "ammo_amount": 40,
  "extended_mag_ammo_amount": [
    45,
    50,
    60
  ],
  "bolt": "closed_bolt",
  "rpm": 680,
  "bullet": {
    "life": 0.75,
    "bullet_amount": 1,
    "damage": 8.6,
    "tracer_count_interval": 0,
    "extra_damage": {
      "armor_ignore": 0.40,
      "head_shot_multiplier": 1.35,
      "damage_adjust": [
        {"distance": 0.5, "damage": 18.5},
        {"distance": 30, "damage": 8.6},
        {"distance": 60, "damage": 4.5},
        {"distance": "infinite", "damage": 3.8}
      ]
    },
    "speed": 300,
    "gravity": 0.0245,
    "knockback": 0,
    "friction": 0.01,
    "ignite": false,
    "pierce": 2
  },
  "reload": {
    "type": "magazine",
    "feed": {
      "empty": 1.87,
      "tactical": 1.40
    },
    "cooldown": {
      "empty": 2.2,
      "tactical": 1.87
    }
  },
  "draw_time": 0.3,
  "put_away_time": 0.43,
  "aim_time": 0.2,
  "sprint_time": 0.2,
  "fire_mode": [
    "auto",
    "semi",
    "burst"
  ],
  "burst_data": {
    "continuous_shoot": true,
    "count": 3,
    "bpm": 900,
    "min_interval": 0.3
  },
  "recoil": {
    "pitch": [
      {"time": 0, "value": [0.58, 0.68]},
      {"time": 0.3, "value": [0.55, 0.65]},
      {"time": 0.5, "value": [-0.125, -0.125]},
      {"time": 0.65, "value": [0, 0]}
    ],
    "yaw": [
      {"time": 0, "value": [0.15, 0.25]},
      {"time": 0.3, "value": [0.15, 0.25]},
      {"time": 0.5, "value": [0, 0]}
    ]
  },
  "inaccuracy": {
    "stand": 7.1,
    "move": 8.2,
    "sneak": 6.5,
    "lie": 5,
    "aim": 0.835
  },
  "allow_attachment_types": [
    "scope",
    "grip",
	"stock",
	"muzzle",
    "extended_mag"
  ],
  "exclusive_attachments": {
  }
}