{
  "ammo": "emxarms:1045x103",
  "ammo_amount": 4,
  "extended_mag_ammo_amount": [
    5,
    6,
    8
  ],
  "bolt": "closed_bolt",
  "rpm": 30,
  "bullet": {
    "life": 0.8,
    "bullet_amount": 1,
    "damage": 85,
    "tracer_count_interval": 0,
    "extra_damage": {
      "armor_ignore": 1.0,
      "head_shot_multiplier": 2.0,
      "damage_adjust": [
        {"distance": 3, "damage": 157},
        {"distance": 39, "damage": 85},
        {"distance": 74, "damage": 52},
        {"distance": "infinite", "damage": 47}
      ]
    },
    "speed": 400,
    "gravity": 0.025,
    "knockback": 0,
    "friction": 0.01,
    "ignite": false,
    "pierce": 4
  },
  "reload": {
    "type": "magazine",
    "feed": {
      "empty": 2.05,
      "tactical": 1.2
    },
    "cooldown": {
      "empty": 2.53,
      "tactical": 2.03
    }
  },
  "draw_time": 0.43,
  "put_away_time": 0.87,
  "aim_time": 0.21,
  "sprint_time": 0.2,
  "fire_mode": [
    "semi",
    "auto"
  ],
  "recoil": {
    "pitch": [
      {"time": 0, "value": [4.5, 4.5]},
      {"time": 0.32, "value": [4.5, 4.5]},
      {"time": 0.57, "value": [-0.5, -0.5]},
      {"time": 0.82, "value": [0.25, 0.25]},
      {"time": 1.17, "value": [0, 0]},
      {"time": 1.47, "value": [0, 0]}
    ],
    "yaw": [
      {"time": 0, "value": [-0.9, -0.75]},
      {"time": 0.32, "value": [-0.9, -0.75]},
      {"time": 0.57, "value": [0, 0]}
    ]
  },
  "inaccuracy": {
    "stand": 5.5,
    "move": 6,
    "sneak": 5.25,
    "lie": 4,
    "aim": 0.075
  },
  "allow_attachment_types": [
    "scope",
    "grip",
	"stock",
    "muzzle",
    "extended_mag"
  ],
  "exclusive_attachments": {
    "tacz:scope_standard_8x": {
      "weight": 2.0,
      "ads_addend": 0.04,
      "recoil_modifier": {
        "yaw": -0.2
      }
    }
  }
}