{
  "ammo": "emxarms:410x57ap",
  "ammo_amount": 30,
  "extended_mag_ammo_amount": [
    45,
    60,
    80
  ],
  "bolt": "open_bolt",
  "rpm": 420,
  "bullet": {
    "life": 0.75,
    "bullet_amount": 1,
    "damage": 18.0,
    "tracer_count_interval": 0,
    "extra_damage": {
      "armor_ignore": 0.40,
      "head_shot_multiplier": 1.35,
      "damage_adjust": [
        {"distance": 0.5, "damage": 38.5},
        {"distance": 8, "damage": 28.0},
		{"distance": 30, "damage": 18.0},
        {"distance": 60, "damage": 15.0},
        {"distance": "infinite", "damage": 13.8}
      ]
    },
    "speed": 300,
    "gravity": 0.0245,
    "knockback": 0,
    "friction": 0.01,
    "ignite": false,
    "pierce": 3
  },
  "reload": {
    "type": "magazine",
    "feed": {
      "empty": 2.8,
      "tactical": 2.8
    },
    "cooldown": {
      "empty": 4.7,
      "tactical": 3.8
    }
  },
  "draw_time": 0.55,
  "put_away_time": 0.9,
  "aim_time": 0.2,
  "sprint_time": 0.21,
  "fire_mode": [
    "semi",
    "auto"
  ],
  "recoil": {
    "pitch": [
      {"time": 0, "value": [1.78, 1.98]},
      {"time": 0.3, "value": [0.95, 0.95]},
      {"time": 0.5, "value": [-0.125, -0.125]},
      {"time": 0.65, "value": [0, 0]}
    ],
    "yaw": [
      {"time": 0, "value": [0.25, 0.45]},
      {"time": 0.3, "value": [0.15, 0.25]},
      {"time": 0.5, "value": [0, 0]}
    ]
  },
  "inaccuracy": {
    "stand": 7.1,
    "move": 8.2,
    "sneak": 6.5,
    "lie": 5,
    "aim": 0.935
  },
  "allow_attachment_types": [
    "scope",
    "grip",
	"stock",
	"muzzle",
    "extended_mag"
  ],
  "exclusive_attachments": {
  }
}