{
	"format_version": "1.12.0",
	"minecraft:geometry": [
		{
			"description": {
				"identifier": "geometry.unknown",
				"texture_width": 256,
				"texture_height": 256,
				"visible_bounds_width": 2,
				"visible_bounds_height": 1.5,
				"visible_bounds_offset": [0, 0.25, 0]
			},
			"bones": [
				{
					"name": "dagger",
					"pivot": [0, 0, 0]
				},
				{
					"name": "blade",
					"parent": "dagger",
					"pivot": [0, -1.03661, -2.03908]
				},
				{
					"name": "grip",
					"parent": "dagger",
					"pivot": [0, -1.50001, 3.13393]
				},
				{
					"name": "bone3",
					"parent": "dagger",
					"pivot": [0, -9, -0.625]
				},
				{
					"name": "cid",
					"parent": "dagger",
					"pivot": [0, 1, -1.01562],
					"cubes": [
						{
							"origin": [-0.125, -0.20312, -10.89062],
							"size": [0.25, 0.34375, 8.98438],
							"uv": {
								"north": {"uv": [24, 24], "uv_size": [0.5, 0.5]},
								"east": {"uv": [5, 0], "uv_size": [9, 0.5]},
								"south": {"uv": [0, 25], "uv_size": [0.5, 0.5]},
								"west": {"uv": [5, 1], "uv_size": [9, 0.5]},
								"up": {"uv": [2, 6], "uv_size": [0.5, 9]},
								"down": {"uv": [3, 15], "uv_size": [0.5, -9]}
							}
						},
						{
							"origin": [-0.0625, -0.07812, -5.67187],
							"size": [0.20313, 0.29688, 2.89063],
							"uv": {
								"east": {"uv": [5, 0], "uv_size": [9, 0.5]},
								"west": {"uv": [40.5, 90], "uv_size": [118.5, 12]}
							}
						},
						{
							"origin": [-0.0625, -0.07812, -10.67187],
							"size": [0.20313, 0.29688, 4.89063],
							"uv": {
								"east": {"uv": [5, 0], "uv_size": [9, 0.5]},
								"west": {"uv": [4.5, 175], "uv_size": [180.5, 13]}
							}
						},
						{
							"origin": [-0.14062, -0.07812, -5.67187],
							"size": [0.20313, 0.29688, 2.89063],
							"uv": {
								"east": {"uv": [39.5, 88], "uv_size": [120, 15.5]},
								"west": {"uv": [40.5, 90], "uv_size": [118.5, 12]}
							}
						},
						{
							"origin": [-0.14062, -0.07812, -10.67187],
							"size": [0.20313, 0.29688, 4.89063],
							"uv": {
								"east": {"uv": [0, 174.5], "uv_size": [179.5, 13.5]},
								"west": {"uv": [4.5, 175], "uv_size": [180.5, 13]}
							}
						},
						{
							"origin": [-0.125, 0.125, -2.90625],
							"size": [0.25, 0.28125, 1],
							"uv": {
								"north": {"uv": [25, 0], "uv_size": [0.5, 0.5]},
								"east": {"uv": [10, 22], "uv_size": [1, 0.5]},
								"south": {"uv": [1, 25], "uv_size": [0.5, 0.5]},
								"west": {"uv": [22, 10], "uv_size": [1, 0.5]},
								"up": {"uv": [11, 22], "uv_size": [0.5, 1]},
								"down": {"uv": [22, 12], "uv_size": [0.5, -1]}
							}
						},
						{
							"origin": [-0.14062, -0.125, -2.46875],
							"size": [0.28125, 0.3125, 0.5625],
							"uv": {
								"north": {"uv": [31, 10], "uv_size": [0.5, 0.5]},
								"east": {"uv": [11, 31], "uv_size": [0.5, 0.5]},
								"south": {"uv": [31, 11], "uv_size": [0.5, 0.5]},
								"west": {"uv": [12, 31], "uv_size": [0.5, 0.5]},
								"up": {"uv": [31, 12], "uv_size": [0.5, 0.5]},
								"down": {"uv": [13, 31.5], "uv_size": [0.5, -0.5]}
							}
						},
						{
							"origin": [-0.15625, -0.1875, -2.1875],
							"size": [0.3125, 0.40625, 0.21875],
							"uv": {
								"north": {"uv": [31, 13], "uv_size": [0.5, 0.5]},
								"east": {"uv": [14, 31], "uv_size": [0.5, 0.5]},
								"south": {"uv": [31, 14], "uv_size": [0.5, 0.5]},
								"west": {"uv": [15, 31], "uv_size": [0.5, 0.5]},
								"up": {"uv": [31, 15], "uv_size": [0.5, 0.5]},
								"down": {"uv": [16, 31.5], "uv_size": [0.5, -0.5]}
							}
						},
						{
							"origin": [-0.15625, -0.1875, -2.4375],
							"size": [0.3125, 0.40625, 0.21875],
							"uv": {
								"north": {"uv": [31, 16], "uv_size": [0.5, 0.5]},
								"east": {"uv": [17, 31], "uv_size": [0.5, 0.5]},
								"south": {"uv": [31, 17], "uv_size": [0.5, 0.5]},
								"west": {"uv": [18, 31], "uv_size": [0.5, 0.5]},
								"up": {"uv": [31, 18], "uv_size": [0.5, 0.5]},
								"down": {"uv": [19, 31.5], "uv_size": [0.5, -0.5]}
							}
						},
						{
							"origin": [-0.125, 0.09375, -10.84375],
							"size": [0.25, 0.35938, 0.51563],
							"pivot": [0, 0.10938, -10.57812],
							"rotation": [9, 0, 0],
							"uv": {
								"north": {"uv": [25, 1], "uv_size": [0.5, 0.5]},
								"east": {"uv": [2, 25], "uv_size": [0.5, 0.5]},
								"south": {"uv": [25, 2], "uv_size": [0.5, 0.5]},
								"west": {"uv": [3, 25], "uv_size": [0.5, 0.5]},
								"up": {"uv": [25, 3], "uv_size": [0.5, 0.5]},
								"down": {"uv": [4, 25.5], "uv_size": [0.5, -0.5]}
							}
						},
						{
							"origin": [-0.125, 0.09375, -10.34375],
							"size": [0.25, 0.35938, 0.51563],
							"pivot": [0, 0.10938, -10.07812],
							"rotation": [9, 0, 0],
							"uv": {
								"north": {"uv": [25, 4], "uv_size": [0.5, 0.5]},
								"east": {"uv": [5, 25], "uv_size": [0.5, 0.5]},
								"south": {"uv": [25, 5], "uv_size": [0.5, 0.5]},
								"west": {"uv": [6, 25], "uv_size": [0.5, 0.5]},
								"up": {"uv": [25, 6], "uv_size": [0.5, 0.5]},
								"down": {"uv": [7, 25.5], "uv_size": [0.5, -0.5]}
							}
						},
						{
							"origin": [-0.125, 0.09375, -9.84375],
							"size": [0.25, 0.35938, 0.51563],
							"pivot": [0, 0.10938, -9.57812],
							"rotation": [9, 0, 0],
							"uv": {
								"north": {"uv": [25, 7], "uv_size": [0.5, 0.5]},
								"east": {"uv": [8, 25], "uv_size": [0.5, 0.5]},
								"south": {"uv": [25, 8], "uv_size": [0.5, 0.5]},
								"west": {"uv": [9, 25], "uv_size": [0.5, 0.5]},
								"up": {"uv": [25, 9], "uv_size": [0.5, 0.5]},
								"down": {"uv": [10, 25.5], "uv_size": [0.5, -0.5]}
							}
						},
						{
							"origin": [-0.125, 0.09375, -9.34375],
							"size": [0.25, 0.35938, 0.51563],
							"pivot": [0, 0.10938, -9.07812],
							"rotation": [9, 0, 0],
							"uv": {
								"north": {"uv": [25, 10], "uv_size": [0.5, 0.5]},
								"east": {"uv": [11, 25], "uv_size": [0.5, 0.5]},
								"south": {"uv": [25, 11], "uv_size": [0.5, 0.5]},
								"west": {"uv": [12, 25], "uv_size": [0.5, 0.5]},
								"up": {"uv": [25, 12], "uv_size": [0.5, 0.5]},
								"down": {"uv": [13, 25.5], "uv_size": [0.5, -0.5]}
							}
						},
						{
							"origin": [-0.125, 0.09375, -8.84375],
							"size": [0.25, 0.35938, 0.51563],
							"pivot": [0, 0.10938, -8.57812],
							"rotation": [9, 0, 0],
							"uv": {
								"north": {"uv": [25, 13], "uv_size": [0.5, 0.5]},
								"east": {"uv": [14, 25], "uv_size": [0.5, 0.5]},
								"south": {"uv": [25, 14], "uv_size": [0.5, 0.5]},
								"west": {"uv": [15, 25], "uv_size": [0.5, 0.5]},
								"up": {"uv": [25, 15], "uv_size": [0.5, 0.5]},
								"down": {"uv": [16, 25.5], "uv_size": [0.5, -0.5]}
							}
						},
						{
							"origin": [-0.125, 0.09375, -8.34375],
							"size": [0.25, 0.35938, 0.51563],
							"pivot": [0, 0.10938, -8.07812],
							"rotation": [9, 0, 0],
							"uv": {
								"north": {"uv": [25, 16], "uv_size": [0.5, 0.5]},
								"east": {"uv": [17, 25], "uv_size": [0.5, 0.5]},
								"south": {"uv": [25, 17], "uv_size": [0.5, 0.5]},
								"west": {"uv": [18, 25], "uv_size": [0.5, 0.5]},
								"up": {"uv": [25, 18], "uv_size": [0.5, 0.5]},
								"down": {"uv": [19, 25.5], "uv_size": [0.5, -0.5]}
							}
						},
						{
							"origin": [-0.125, 0.09375, -7.84375],
							"size": [0.25, 0.35938, 0.51563],
							"pivot": [0, 0.10938, -7.57812],
							"rotation": [9, 0, 0],
							"uv": {
								"north": {"uv": [25, 19], "uv_size": [0.5, 0.5]},
								"east": {"uv": [20, 25], "uv_size": [0.5, 0.5]},
								"south": {"uv": [25, 20], "uv_size": [0.5, 0.5]},
								"west": {"uv": [21, 25], "uv_size": [0.5, 0.5]},
								"up": {"uv": [25, 21], "uv_size": [0.5, 0.5]},
								"down": {"uv": [22, 25.5], "uv_size": [0.5, -0.5]}
							}
						},
						{
							"origin": [-0.125, 0.09375, -7.34375],
							"size": [0.25, 0.35938, 0.51563],
							"pivot": [0, 0.10938, -7.07812],
							"rotation": [9, 0, 0],
							"uv": {
								"north": {"uv": [25, 22], "uv_size": [0.5, 0.5]},
								"east": {"uv": [23, 25], "uv_size": [0.5, 0.5]},
								"south": {"uv": [25, 23], "uv_size": [0.5, 0.5]},
								"west": {"uv": [24, 25], "uv_size": [0.5, 0.5]},
								"up": {"uv": [25, 24], "uv_size": [0.5, 0.5]},
								"down": {"uv": [25, 25.5], "uv_size": [0.5, -0.5]}
							}
						},
						{
							"origin": [-0.125, 0.09375, -6.84375],
							"size": [0.25, 0.35938, 0.51563],
							"pivot": [0, 0.10938, -6.57812],
							"rotation": [9, 0, 0],
							"uv": {
								"north": {"uv": [0, 26], "uv_size": [0.5, 0.5]},
								"east": {"uv": [26, 0], "uv_size": [0.5, 0.5]},
								"south": {"uv": [1, 26], "uv_size": [0.5, 0.5]},
								"west": {"uv": [26, 1], "uv_size": [0.5, 0.5]},
								"up": {"uv": [2, 26], "uv_size": [0.5, 0.5]},
								"down": {"uv": [26, 2.5], "uv_size": [0.5, -0.5]}
							}
						},
						{
							"origin": [-0.125, 0.09375, -6.34375],
							"size": [0.25, 0.35938, 0.51563],
							"pivot": [0, 0.10938, -6.07812],
							"rotation": [9, 0, 0],
							"uv": {
								"north": {"uv": [3, 26], "uv_size": [0.5, 0.5]},
								"east": {"uv": [26, 3], "uv_size": [0.5, 0.5]},
								"south": {"uv": [4, 26], "uv_size": [0.5, 0.5]},
								"west": {"uv": [26, 4], "uv_size": [0.5, 0.5]},
								"up": {"uv": [5, 26], "uv_size": [0.5, 0.5]},
								"down": {"uv": [26, 5.5], "uv_size": [0.5, -0.5]}
							}
						},
						{
							"origin": [-0.125, 0.09375, -5.34375],
							"size": [0.25, 0.35938, 0.51563],
							"pivot": [0, 0.10938, -5.07812],
							"rotation": [9, 0, 0],
							"uv": {
								"north": {"uv": [6, 26], "uv_size": [0.5, 0.5]},
								"east": {"uv": [26, 6], "uv_size": [0.5, 0.5]},
								"south": {"uv": [7, 26], "uv_size": [0.5, 0.5]},
								"west": {"uv": [26, 7], "uv_size": [0.5, 0.5]},
								"up": {"uv": [8, 26], "uv_size": [0.5, 0.5]},
								"down": {"uv": [26, 8.5], "uv_size": [0.5, -0.5]}
							}
						},
						{
							"origin": [-0.125, 0.09375, -5.84375],
							"size": [0.25, 0.35938, 0.51563],
							"pivot": [0, 0.10938, -5.57812],
							"rotation": [9, 0, 0],
							"uv": {
								"north": {"uv": [9, 26], "uv_size": [0.5, 0.5]},
								"east": {"uv": [26, 9], "uv_size": [0.5, 0.5]},
								"south": {"uv": [10, 26], "uv_size": [0.5, 0.5]},
								"west": {"uv": [26, 10], "uv_size": [0.5, 0.5]},
								"up": {"uv": [11, 26], "uv_size": [0.5, 0.5]},
								"down": {"uv": [26, 11.5], "uv_size": [0.5, -0.5]}
							}
						},
						{
							"origin": [-0.125, 0.09375, -4.34375],
							"size": [0.25, 0.35938, 0.51563],
							"pivot": [0, 0.10938, -4.07812],
							"rotation": [9, 0, 0],
							"uv": {
								"north": {"uv": [12, 26], "uv_size": [0.5, 0.5]},
								"east": {"uv": [26, 12], "uv_size": [0.5, 0.5]},
								"south": {"uv": [13, 26], "uv_size": [0.5, 0.5]},
								"west": {"uv": [26, 13], "uv_size": [0.5, 0.5]},
								"up": {"uv": [14, 26], "uv_size": [0.5, 0.5]},
								"down": {"uv": [26, 14.5], "uv_size": [0.5, -0.5]}
							}
						},
						{
							"origin": [-0.125, 0.09375, -4.84375],
							"size": [0.25, 0.35938, 0.51563],
							"pivot": [0, 0.10938, -4.57812],
							"rotation": [9, 0, 0],
							"uv": {
								"north": {"uv": [15, 26], "uv_size": [0.5, 0.5]},
								"east": {"uv": [26, 15], "uv_size": [0.5, 0.5]},
								"south": {"uv": [16, 26], "uv_size": [0.5, 0.5]},
								"west": {"uv": [26, 16], "uv_size": [0.5, 0.5]},
								"up": {"uv": [17, 26], "uv_size": [0.5, 0.5]},
								"down": {"uv": [26, 17.5], "uv_size": [0.5, -0.5]}
							}
						},
						{
							"origin": [-0.125, 0.09375, -3.34375],
							"size": [0.25, 0.35938, 0.51563],
							"pivot": [0, 0.10938, -3.07812],
							"rotation": [9, 0, 0],
							"uv": {
								"north": {"uv": [18, 26], "uv_size": [0.5, 0.5]},
								"east": {"uv": [26, 18], "uv_size": [0.5, 0.5]},
								"south": {"uv": [19, 26], "uv_size": [0.5, 0.5]},
								"west": {"uv": [26, 19], "uv_size": [0.5, 0.5]},
								"up": {"uv": [20, 26], "uv_size": [0.5, 0.5]},
								"down": {"uv": [26, 20.5], "uv_size": [0.5, -0.5]}
							}
						},
						{
							"origin": [-0.125, 0.09375, -3.84375],
							"size": [0.25, 0.35938, 0.51563],
							"pivot": [0, 0.10938, -3.57812],
							"rotation": [9, 0, 0],
							"uv": {
								"north": {"uv": [21, 26], "uv_size": [0.5, 0.5]},
								"east": {"uv": [26, 21], "uv_size": [0.5, 0.5]},
								"south": {"uv": [22, 26], "uv_size": [0.5, 0.5]},
								"west": {"uv": [26, 22], "uv_size": [0.5, 0.5]},
								"up": {"uv": [23, 26], "uv_size": [0.5, 0.5]},
								"down": {"uv": [26, 23.5], "uv_size": [0.5, -0.5]}
							}
						},
						{
							"origin": [-0.125, -0.5625, -10.89062],
							"size": [0.25, 0.57813, 0.71875],
							"uv": {
								"north": {"uv": [24, 26], "uv_size": [0.5, 0.5]},
								"east": {"uv": [26, 24], "uv_size": [0.5, 0.5]},
								"south": {"uv": [25, 26], "uv_size": [0.5, 0.5]},
								"west": {"uv": [26, 25], "uv_size": [0.5, 0.5]},
								"up": {"uv": [26, 26], "uv_size": [0.5, 0.5]},
								"down": {"uv": [0, 27.5], "uv_size": [0.5, -0.5]}
							}
						},
						{
							"origin": [-0.125, -0.5625, -2.40625],
							"size": [0.25, 0.70313, 0.46875],
							"uv": {
								"north": {"uv": [27, 0], "uv_size": [0.5, 0.5]},
								"east": {"uv": [1, 27], "uv_size": [0.5, 0.5]},
								"south": {"uv": [27, 1], "uv_size": [0.5, 0.5]},
								"west": {"uv": [2, 27], "uv_size": [0.5, 0.5]},
								"up": {"uv": [27, 2], "uv_size": [0.5, 0.5]},
								"down": {"uv": [3, 27.5], "uv_size": [0.5, -0.5]}
							}
						},
						{
							"origin": [-0.125, 5.4375, -4.125],
							"size": [0.25, 0.4375, 0.67188],
							"pivot": [0, 4.32813, 4.04688],
							"rotation": [45, 0, 0],
							"uv": {
								"north": {"uv": [27, 3], "uv_size": [0.5, 0.5]},
								"east": {"uv": [4, 27], "uv_size": [0.5, 0.5]},
								"south": {"uv": [27, 4], "uv_size": [0.5, 0.5]},
								"west": {"uv": [5, 27], "uv_size": [0.5, 0.5]},
								"up": {"uv": [27, 5], "uv_size": [0.5, 0.5]},
								"down": {"uv": [6, 27.5], "uv_size": [0.5, -0.5]}
							}
						},
						{
							"origin": [-0.125, 5.875, -4.125],
							"size": [0.25, 0.23438, 0.28125],
							"pivot": [0, 4.32813, 4.04688],
							"rotation": [45, 0, 0],
							"uv": {
								"north": {"uv": [27, 6], "uv_size": [0.5, 0.5]},
								"east": {"uv": [7, 27], "uv_size": [0.5, 0.5]},
								"south": {"uv": [27, 7], "uv_size": [0.5, 0.5]},
								"west": {"uv": [8, 27], "uv_size": [0.5, 0.5]},
								"up": {"uv": [27, 8], "uv_size": [0.5, 0.5]},
								"down": {"uv": [9, 27.5], "uv_size": [0.5, -0.5]}
							}
						},
						{
							"origin": [-0.125, 5.82813, -3.78125],
							"size": [0.25, 0.20313, 0.1875],
							"pivot": [0, 4.32813, 4.04688],
							"rotation": [45, 0, 0],
							"uv": {
								"north": {"uv": [27, 9], "uv_size": [0.5, 0.5]},
								"east": {"uv": [10, 27], "uv_size": [0.5, 0.5]},
								"south": {"uv": [27, 10], "uv_size": [0.5, 0.5]},
								"west": {"uv": [11, 27], "uv_size": [0.5, 0.5]},
								"up": {"uv": [27, 11], "uv_size": [0.5, 0.5]},
								"down": {"uv": [12, 27.5], "uv_size": [0.5, -0.5]}
							}
						},
						{
							"origin": [-0.125, 5.01563, -11.75],
							"size": [0.25, 0.90625, 0.40625],
							"pivot": [0, 4.32813, -3.76562],
							"rotation": [45, 0, 0],
							"uv": {
								"north": {"uv": [22, 12], "uv_size": [0.5, 1]},
								"east": {"uv": [22, 13], "uv_size": [0.5, 1]},
								"south": {"uv": [15, 22], "uv_size": [0.5, 1]},
								"west": {"uv": [22, 16], "uv_size": [0.5, 1]},
								"up": {"uv": [27, 12], "uv_size": [0.5, 0.5]},
								"down": {"uv": [13, 27.5], "uv_size": [0.5, -0.5]}
							}
						},
						{
							"origin": [-0.125, 5.01563, -9.375],
							"size": [0.25, 0.90625, 0.40625],
							"pivot": [0, 4.32813, -1.39062],
							"rotation": [45, 0, 0],
							"uv": {
								"north": {"uv": [17, 22], "uv_size": [0.5, 1]},
								"east": {"uv": [18, 22], "uv_size": [0.5, 1]},
								"south": {"uv": [22, 18], "uv_size": [0.5, 1]},
								"west": {"uv": [19, 22], "uv_size": [0.5, 1]},
								"up": {"uv": [27, 13], "uv_size": [0.5, 0.5]},
								"down": {"uv": [14, 27.5], "uv_size": [0.5, -0.5]}
							}
						},
						{
							"origin": [-0.125, 5.01563, -7.125],
							"size": [0.25, 0.90625, 0.40625],
							"pivot": [0, 4.32813, 0.85938],
							"rotation": [45, 0, 0],
							"uv": {
								"north": {"uv": [22, 19], "uv_size": [0.5, 1]},
								"east": {"uv": [21, 22], "uv_size": [0.5, 1]},
								"south": {"uv": [22, 22], "uv_size": [0.5, 1]},
								"west": {"uv": [23, 0], "uv_size": [0.5, 1]},
								"up": {"uv": [27, 14], "uv_size": [0.5, 0.5]},
								"down": {"uv": [15, 27.5], "uv_size": [0.5, -0.5]}
							}
						},
						{
							"origin": [-0.125, 5.01563, -4.75],
							"size": [0.25, 0.90625, 0.40625],
							"pivot": [0, 4.32813, 3.23438],
							"rotation": [45, 0, 0],
							"uv": {
								"north": {"uv": [1, 23], "uv_size": [0.5, 1]},
								"east": {"uv": [23, 1], "uv_size": [0.5, 1]},
								"south": {"uv": [2, 23], "uv_size": [0.5, 1]},
								"west": {"uv": [23, 2], "uv_size": [0.5, 1]},
								"up": {"uv": [27, 15], "uv_size": [0.5, 0.5]},
								"down": {"uv": [16, 27.5], "uv_size": [0.5, -0.5]}
							}
						},
						{
							"origin": [-0.125, -0.92187, -10.89062],
							"size": [0.25, 0.375, 8.98438],
							"uv": {
								"north": {"uv": [27, 16], "uv_size": [0.5, 0.5]},
								"east": {"uv": [5, 2], "uv_size": [9, 0.5]},
								"south": {"uv": [17, 27], "uv_size": [0.5, 0.5]},
								"west": {"uv": [5, 3], "uv_size": [9, 0.5]},
								"up": {"uv": [4, 6], "uv_size": [0.5, 9]},
								"down": {"uv": [5, 15], "uv_size": [0.5, -9]}
							}
						},
						{
							"origin": [-0.51216, -0.86219, -12.32812],
							"size": [0.17678, 0.17678, 10.42188],
							"pivot": [-0.39062, -1.35937, -3.01562],
							"rotation": [0, 0, 45],
							"uv": {
								"north": {"uv": [27, 17], "uv_size": [0.5, 0.5]},
								"east": {"uv": [0, 4], "uv_size": [10.5, 0.5]},
								"south": {"uv": [18, 27], "uv_size": [0.5, 0.5]},
								"west": {"uv": [0, 5], "uv_size": [10.5, 0.5]},
								"up": {"uv": [0, 6], "uv_size": [0.5, 10.5]},
								"down": {"uv": [1, 16.5], "uv_size": [0.5, -10.5]}
							}
						},
						{
							"origin": [-0.08839, -1.01026, -13.39062],
							"size": [0.17678, 0.17678, 1.0625],
							"pivot": [0, -0.92187, -12.32812],
							"rotation": [-7.10708, 7.05302, 44.56145],
							"uv": {
								"north": {"uv": [27, 18], "uv_size": [0.5, 0.5]},
								"east": {"uv": [3, 23], "uv_size": [1, 0.5]},
								"south": {"uv": [19, 27], "uv_size": [0.5, 0.5]},
								"west": {"uv": [23, 3], "uv_size": [1, 0.5]},
								"up": {"uv": [23, 4], "uv_size": [0.5, 1]},
								"down": {"uv": [5, 24], "uv_size": [0.5, -1]}
							}
						},
						{
							"origin": [-0.08839, -0.82576, -14.46823],
							"size": [0.17678, 0.17678, 1.09375],
							"pivot": [0, -0.73737, -13.37448],
							"rotation": [-24.25045, 22.32924, 40.144],
							"uv": {
								"north": {"uv": [27, 19], "uv_size": [0.5, 0.5]},
								"east": {"uv": [6, 23], "uv_size": [1, 0.5]},
								"south": {"uv": [20, 27], "uv_size": [0.5, 0.5]},
								"west": {"uv": [23, 6], "uv_size": [1, 0.5]},
								"up": {"uv": [23, 7], "uv_size": [0.5, 1]},
								"down": {"uv": [8, 24], "uv_size": [0.5, -1]}
							}
						},
						{
							"origin": [-0.125, -0.92187, -1.73437],
							"size": [0.25, 1.3125, 4.54688],
							"uv": {
								"north": {"uv": [2, 20], "uv_size": [0.5, 1.5]},
								"east": {"uv": [0, 0], "uv_size": [4.5, 1.5]},
								"south": {"uv": [3, 20], "uv_size": [0.5, 1.5]},
								"west": {"uv": [0, 2], "uv_size": [4.5, 1.5]},
								"up": {"uv": [10, 11], "uv_size": [0.5, 4.5]},
								"down": {"uv": [11, 15.5], "uv_size": [0.5, -4.5]}
							}
						},
						{
							"origin": [0.0625, -0.7451, -1.75],
							"size": [0.23928, 0.95895, 4.54688],
							"uv": {
								"north": {"uv": [23, 8], "uv_size": [0.5, 1]},
								"east": {"uv": [6, 6], "uv_size": [4.5, 1]},
								"south": {"uv": [9, 23], "uv_size": [0.5, 1]},
								"west": {"uv": [6, 7], "uv_size": [4.5, 1]},
								"up": {"uv": [12, 11], "uv_size": [0.5, 4.5]},
								"down": {"uv": [13, 15.5], "uv_size": [0.5, -4.5]}
							}
						},
						{
							"origin": [-0.06629, 0.06139, -1.75],
							"size": [0.25, 0.25, 4.54688],
							"pivot": [0.05871, 0.28014, 3.25],
							"rotation": [0, 0, -45],
							"uv": {
								"north": {"uv": [27, 20], "uv_size": [0.5, 0.5]},
								"east": {"uv": [11, 7], "uv_size": [4.5, 0.5]},
								"south": {"uv": [21, 27], "uv_size": [0.5, 0.5]},
								"west": {"uv": [11, 8], "uv_size": [4.5, 0.5]},
								"up": {"uv": [14, 11], "uv_size": [0.5, 4.5]},
								"down": {"uv": [2, 19.5], "uv_size": [0.5, -4.5]}
							}
						},
						{
							"origin": [-0.06629, -0.84264, -1.75],
							"size": [0.25, 0.25, 4.54688],
							"pivot": [0.05871, -0.81139, 3.25],
							"rotation": [0, 0, 45],
							"uv": {
								"north": {"uv": [27, 21], "uv_size": [0.5, 0.5]},
								"east": {"uv": [11, 9], "uv_size": [4.5, 0.5]},
								"south": {"uv": [22, 27], "uv_size": [0.5, 0.5]},
								"west": {"uv": [14, 0], "uv_size": [4.5, 0.5]},
								"up": {"uv": [3, 15], "uv_size": [0.5, 4.5]},
								"down": {"uv": [4, 19.5], "uv_size": [0.5, -4.5]}
							}
						},
						{
							"origin": [-0.30178, -0.7451, -1.75],
							"size": [0.23928, 0.95895, 4.54688],
							"uv": {
								"north": {"uv": [23, 9], "uv_size": [0.5, 1]},
								"east": {"uv": [6, 8], "uv_size": [4.5, 1]},
								"south": {"uv": [10, 23], "uv_size": [0.5, 1]},
								"west": {"uv": [6, 9], "uv_size": [4.5, 1]},
								"up": {"uv": [5, 15], "uv_size": [0.5, 4.5]},
								"down": {"uv": [15, 14.5], "uv_size": [0.5, -4.5]}
							}
						},
						{
							"origin": [-0.18371, -0.84264, -1.75],
							"size": [0.25, 0.25, 4.54688],
							"pivot": [-0.05871, -0.81139, 3.25],
							"rotation": [0, 0, -45],
							"uv": {
								"north": {"uv": [27, 22], "uv_size": [0.5, 0.5]},
								"east": {"uv": [14, 1], "uv_size": [4.5, 0.5]},
								"south": {"uv": [23, 27], "uv_size": [0.5, 0.5]},
								"west": {"uv": [14, 2], "uv_size": [4.5, 0.5]},
								"up": {"uv": [15, 15], "uv_size": [0.5, 4.5]},
								"down": {"uv": [16, 11.5], "uv_size": [0.5, -4.5]}
							}
						},
						{
							"origin": [-0.18371, 0.06139, -1.75],
							"size": [0.25, 0.25, 4.54688],
							"pivot": [-0.05871, 0.28014, 3.25],
							"rotation": [0, 0, 45],
							"uv": {
								"north": {"uv": [27, 23], "uv_size": [0.5, 0.5]},
								"east": {"uv": [14, 3], "uv_size": [4.5, 0.5]},
								"south": {"uv": [24, 27], "uv_size": [0.5, 0.5]},
								"west": {"uv": [10, 16], "uv_size": [4.5, 0.5]},
								"up": {"uv": [16, 12], "uv_size": [0.5, 4.5]},
								"down": {"uv": [0, 21.5], "uv_size": [0.5, -4.5]}
							}
						},
						{
							"origin": [0.0625, -0.7451, 2.79688],
							"size": [0.23928, 0.95895, 1.375],
							"uv": {
								"north": {"uv": [23, 10], "uv_size": [0.5, 1]},
								"east": {"uv": [17, 16], "uv_size": [1.5, 1]},
								"south": {"uv": [11, 23], "uv_size": [0.5, 1]},
								"west": {"uv": [17, 17], "uv_size": [1.5, 1]},
								"up": {"uv": [20, 3], "uv_size": [0.5, 1.5]},
								"down": {"uv": [4, 21.5], "uv_size": [0.5, -1.5]}
							}
						},
						{
							"origin": [-0.06629, 0.06139, 2.79688],
							"size": [0.25, 0.25, 1.375],
							"pivot": [0.05871, 0.28014, 4.5],
							"rotation": [0, 0, -45],
							"uv": {
								"north": {"uv": [27, 24], "uv_size": [0.5, 0.5]},
								"east": {"uv": [5, 20], "uv_size": [1.5, 0.5]},
								"south": {"uv": [25, 27], "uv_size": [0.5, 0.5]},
								"west": {"uv": [20, 5], "uv_size": [1.5, 0.5]},
								"up": {"uv": [20, 6], "uv_size": [0.5, 1.5]},
								"down": {"uv": [7, 21.5], "uv_size": [0.5, -1.5]}
							}
						},
						{
							"origin": [-0.06629, -0.84264, 2.90625],
							"size": [0.25, 0.25, 1.26563],
							"pivot": [0.05871, -0.81139, 4.5],
							"rotation": [0, 0, 45],
							"uv": {
								"north": {"uv": [27, 25], "uv_size": [0.5, 0.5]},
								"east": {"uv": [8, 20], "uv_size": [1.5, 0.5]},
								"south": {"uv": [26, 27], "uv_size": [0.5, 0.5]},
								"west": {"uv": [20, 8], "uv_size": [1.5, 0.5]},
								"up": {"uv": [20, 9], "uv_size": [0.5, 1.5]},
								"down": {"uv": [15, 21.5], "uv_size": [0.5, -1.5]}
							}
						},
						{
							"origin": [-0.18371, -0.84264, 2.90625],
							"size": [0.25, 0.25, 1.26563],
							"pivot": [-0.05871, -0.81139, 4.5],
							"rotation": [0, 0, -45],
							"uv": {
								"north": {"uv": [27, 26], "uv_size": [0.5, 0.5]},
								"east": {"uv": [20, 16], "uv_size": [1.5, 0.5]},
								"south": {"uv": [27, 27], "uv_size": [0.5, 0.5]},
								"west": {"uv": [17, 20], "uv_size": [1.5, 0.5]},
								"up": {"uv": [20, 17], "uv_size": [0.5, 1.5]},
								"down": {"uv": [19, 21.5], "uv_size": [0.5, -1.5]}
							}
						},
						{
							"origin": [-0.30178, -0.7451, 2.79688],
							"size": [0.23928, 0.95895, 1.375],
							"uv": {
								"north": {"uv": [23, 11], "uv_size": [0.5, 1]},
								"east": {"uv": [10, 18], "uv_size": [1.5, 1]},
								"south": {"uv": [12, 23], "uv_size": [0.5, 1]},
								"west": {"uv": [12, 18], "uv_size": [1.5, 1]},
								"up": {"uv": [20, 19], "uv_size": [0.5, 1.5]},
								"down": {"uv": [1, 22.5], "uv_size": [0.5, -1.5]}
							}
						},
						{
							"origin": [-0.18371, 0.06139, 2.79688],
							"size": [0.25, 0.25, 1.375],
							"pivot": [-0.05871, 0.28014, 4.5],
							"rotation": [0, 0, 45],
							"uv": {
								"north": {"uv": [0, 28], "uv_size": [0.5, 0.5]},
								"east": {"uv": [21, 0], "uv_size": [1.5, 0.5]},
								"south": {"uv": [28, 0], "uv_size": [0.5, 0.5]},
								"west": {"uv": [21, 3], "uv_size": [1.5, 0.5]},
								"up": {"uv": [5, 21], "uv_size": [0.5, 1.5]},
								"down": {"uv": [6, 22.5], "uv_size": [0.5, -1.5]}
							}
						},
						{
							"origin": [-0.125, -0.92187, 2.8125],
							"size": [0.25, 1.3125, 1.35938],
							"uv": {
								"north": {"uv": [21, 6], "uv_size": [0.5, 1.5]},
								"east": {"uv": [17, 7], "uv_size": [1.5, 1.5]},
								"south": {"uv": [8, 21], "uv_size": [0.5, 1.5]},
								"west": {"uv": [17, 9], "uv_size": [1.5, 1.5]},
								"up": {"uv": [9, 21], "uv_size": [0.5, 1.5]},
								"down": {"uv": [21, 10.5], "uv_size": [0.5, -1.5]}
							}
						},
						{
							"origin": [-0.125, -1.17187, 2.92188],
							"size": [0.25, 0.25, 1.25],
							"pivot": [0, -0.92187, 4.17188],
							"rotation": [-10, 0, 0],
							"uv": {
								"north": {"uv": [1, 28], "uv_size": [0.5, 0.5]},
								"east": {"uv": [21, 4], "uv_size": [1.5, 0.5]},
								"south": {"uv": [28, 1], "uv_size": [0.5, 0.5]},
								"west": {"uv": [10, 21], "uv_size": [1.5, 0.5]},
								"up": {"uv": [12, 21], "uv_size": [0.5, 1.5]},
								"down": {"uv": [13, 22.5], "uv_size": [0.5, -1.5]}
							}
						},
						{
							"origin": [-0.30446, -0.99399, 2.75],
							"size": [0.24196, 0.24399, 1.39062],
							"pivot": [0, -0.92187, 4.17188],
							"rotation": [-10, 0, 0],
							"uv": {
								"north": {"uv": [2, 28], "uv_size": [0.5, 0.5]},
								"east": {"uv": [21, 14], "uv_size": [1.5, 0.5]},
								"south": {"uv": [28, 2], "uv_size": [0.5, 0.5]},
								"west": {"uv": [21, 15], "uv_size": [1.5, 0.5]},
								"up": {"uv": [14, 21], "uv_size": [0.5, 1.5]},
								"down": {"uv": [16, 22.5], "uv_size": [0.5, -1.5]}
							}
						},
						{
							"origin": [0.0625, -0.99399, 2.75],
							"size": [0.24196, 0.24399, 1.39062],
							"pivot": [0, -0.92187, 4.17188],
							"rotation": [-10, 0, 0],
							"uv": {
								"north": {"uv": [3, 28], "uv_size": [0.5, 0.5]},
								"east": {"uv": [17, 21], "uv_size": [1.5, 0.5]},
								"south": {"uv": [28, 3], "uv_size": [0.5, 0.5]},
								"west": {"uv": [21, 17], "uv_size": [1.5, 0.5]},
								"up": {"uv": [21, 18], "uv_size": [0.5, 1.5]},
								"down": {"uv": [20, 22.5], "uv_size": [0.5, -1.5]}
							}
						},
						{
							"origin": [-0.375, -1.17567, 2.70659],
							"size": [0.25, 0.25, 1.40625],
							"pivot": [-0.125, -1.17187, 4.17188],
							"rotation": [-7.10708, 7.05302, 44.56145],
							"uv": {
								"north": {"uv": [4, 28], "uv_size": [0.5, 0.5]},
								"east": {"uv": [21, 20], "uv_size": [1.5, 0.5]},
								"south": {"uv": [28, 4], "uv_size": [0.5, 0.5]},
								"west": {"uv": [21, 21], "uv_size": [1.5, 0.5]},
								"up": {"uv": [0, 22], "uv_size": [0.5, 1.5]},
								"down": {"uv": [22, 2.5], "uv_size": [0.5, -1.5]}
							}
						},
						{
							"origin": [0.125, -1.17567, 2.70659],
							"size": [0.25, 0.25, 1.40625],
							"pivot": [0.125, -1.17187, 4.17188],
							"rotation": [-7.10708, -7.05302, -44.56145],
							"uv": {
								"north": {"uv": [5, 28], "uv_size": [0.5, 0.5]},
								"east": {"uv": [2, 22], "uv_size": [1.5, 0.5]},
								"south": {"uv": [28, 5], "uv_size": [0.5, 0.5]},
								"west": {"uv": [22, 5], "uv_size": [1.5, 0.5]},
								"up": {"uv": [4, 22], "uv_size": [0.5, 1.5]},
								"down": {"uv": [22, 7.5], "uv_size": [0.5, -1.5]}
							}
						},
						{
							"origin": [-0.31415, -1.10937, -1.95997],
							"size": [0.64274, 2.15954, 0.25684],
							"uv": {
								"north": {"uv": [10, 19], "uv_size": [0.5, 2]},
								"east": {"uv": [11, 19], "uv_size": [0.5, 2]},
								"south": {"uv": [12, 19], "uv_size": [0.5, 2]},
								"west": {"uv": [13, 19], "uv_size": [0.5, 2]},
								"up": {"uv": [6, 28], "uv_size": [0.5, 0.5]},
								"down": {"uv": [28, 6.5], "uv_size": [0.5, -0.5]}
							}
						},
						{
							"origin": [-0.20205, -1.28346, -1.95997],
							"size": [0.41972, 0.14613, 0.25684],
							"uv": {
								"north": {"uv": [7, 28], "uv_size": [0.5, 0.5]},
								"east": {"uv": [28, 7], "uv_size": [0.5, 0.5]},
								"south": {"uv": [8, 28], "uv_size": [0.5, 0.5]},
								"west": {"uv": [28, 8], "uv_size": [0.5, 0.5]},
								"up": {"uv": [9, 28], "uv_size": [0.5, 0.5]},
								"down": {"uv": [28, 9.5], "uv_size": [0.5, -0.5]}
							}
						},
						{
							"origin": [-1.23155, -0.7521, -1.95997],
							"size": [0.28336, 0.20642, 0.25684],
							"pivot": [-1.27677, -3.01773, -3.01562],
							"rotation": [0, 0, 32.5],
							"uv": {
								"north": {"uv": [10, 28], "uv_size": [0.5, 0.5]},
								"east": {"uv": [28, 10], "uv_size": [0.5, 0.5]},
								"south": {"uv": [11, 28], "uv_size": [0.5, 0.5]},
								"west": {"uv": [28, 11], "uv_size": [0.5, 0.5]},
								"up": {"uv": [12, 28], "uv_size": [0.5, 0.5]},
								"down": {"uv": [28, 12.5], "uv_size": [0.5, -0.5]}
							}
						},
						{
							"origin": [0.96381, -0.7521, -1.95997],
							"size": [0.26774, 0.20642, 0.25684],
							"pivot": [1.29239, -3.01773, -3.01562],
							"rotation": [0, 0, -32.5],
							"uv": {
								"north": {"uv": [13, 28], "uv_size": [0.5, 0.5]},
								"east": {"uv": [28, 13], "uv_size": [0.5, 0.5]},
								"south": {"uv": [14, 28], "uv_size": [0.5, 0.5]},
								"west": {"uv": [28, 14], "uv_size": [0.5, 0.5]},
								"up": {"uv": [15, 28], "uv_size": [0.5, 0.5]},
								"down": {"uv": [28, 15.5], "uv_size": [0.5, -0.5]}
							}
						},
						{
							"origin": [-0.125, -0.92187, -12.32812],
							"size": [0.25, 0.875, 1.4375],
							"uv": {
								"north": {"uv": [23, 12], "uv_size": [0.5, 1]},
								"east": {"uv": [17, 18], "uv_size": [1.5, 1]},
								"south": {"uv": [13, 23], "uv_size": [0.5, 1]},
								"west": {"uv": [19, 0], "uv_size": [1.5, 1]},
								"up": {"uv": [7, 22], "uv_size": [0.5, 1.5]},
								"down": {"uv": [22, 9.5], "uv_size": [0.5, -1.5]}
							}
						},
						{
							"origin": [-0.125, 0.26563, -14.26562],
							"size": [0.25, 0.125, 3.375],
							"pivot": [0, 0.39063, -10.89062],
							"rotation": [7.5, 0, 0],
							"uv": {
								"north": {"uv": [16, 28], "uv_size": [0.5, 0.5]},
								"east": {"uv": [17, 14], "uv_size": [3.5, 0.5]},
								"south": {"uv": [28, 16], "uv_size": [0.5, 0.5]},
								"west": {"uv": [17, 15], "uv_size": [3.5, 0.5]},
								"up": {"uv": [1, 17], "uv_size": [0.5, 3.5]},
								"down": {"uv": [16, 20.5], "uv_size": [0.5, -3.5]}
							}
						},
						{
							"origin": [-0.125, -0.10937, -13.20312],
							"size": [0.25, 0.375, 2.3125],
							"pivot": [0, 0.39063, -10.89062],
							"rotation": [7.5, 0, 0],
							"uv": {
								"north": {"uv": [17, 28], "uv_size": [0.5, 0.5]},
								"east": {"uv": [19, 1], "uv_size": [2.5, 0.5]},
								"south": {"uv": [28, 17], "uv_size": [0.5, 0.5]},
								"west": {"uv": [19, 2], "uv_size": [2.5, 0.5]},
								"up": {"uv": [14, 18], "uv_size": [0.5, 2.5]},
								"down": {"uv": [19, 9.5], "uv_size": [0.5, -2.5]}
							}
						},
						{
							"origin": [-0.125, -0.92187, -13.39062],
							"size": [0.25, 0.75, 1.0625],
							"pivot": [0, -0.92187, -12.32812],
							"rotation": [-10, 0, 0],
							"uv": {
								"north": {"uv": [23, 13], "uv_size": [0.5, 1]},
								"east": {"uv": [19, 3], "uv_size": [1, 1]},
								"south": {"uv": [14, 23], "uv_size": [0.5, 1]},
								"west": {"uv": [19, 10], "uv_size": [1, 1]},
								"up": {"uv": [23, 14], "uv_size": [0.5, 1]},
								"down": {"uv": [15, 24], "uv_size": [0.5, -1]}
							}
						},
						{
							"origin": [-0.125, -0.67187, -13.64062],
							"size": [0.25, 0.45313, 0.3125],
							"pivot": [0, -0.92187, -12.32812],
							"rotation": [-10, 0, 0],
							"uv": {
								"north": {"uv": [18, 28], "uv_size": [0.5, 0.5]},
								"east": {"uv": [28, 18], "uv_size": [0.5, 0.5]},
								"south": {"uv": [19, 28], "uv_size": [0.5, 0.5]},
								"west": {"uv": [28, 19], "uv_size": [0.5, 0.5]},
								"up": {"uv": [20, 28], "uv_size": [0.5, 0.5]},
								"down": {"uv": [28, 20.5], "uv_size": [0.5, -0.5]}
							}
						},
						{
							"origin": [-0.125, -0.60937, -14.01562],
							"size": [0.25, 0.3125, 0.625],
							"pivot": [0, -0.92187, -12.32812],
							"rotation": [-10, 0, 0],
							"uv": {
								"north": {"uv": [21, 28], "uv_size": [0.5, 0.5]},
								"east": {"uv": [28, 21], "uv_size": [0.5, 0.5]},
								"south": {"uv": [22, 28], "uv_size": [0.5, 0.5]},
								"west": {"uv": [28, 22], "uv_size": [0.5, 0.5]},
								"up": {"uv": [23, 28], "uv_size": [0.5, 0.5]},
								"down": {"uv": [28, 23.5], "uv_size": [0.5, -0.5]}
							}
						},
						{
							"origin": [-0.125, -0.72789, -14.41724],
							"size": [0.25, 0.1146, 1.1055],
							"pivot": [0, -0.625, -13.35937],
							"rotation": [-32.5, 0, 0],
							"uv": {
								"north": {"uv": [24, 28], "uv_size": [0.5, 0.5]},
								"east": {"uv": [23, 15], "uv_size": [1, 0.5]},
								"south": {"uv": [28, 24], "uv_size": [0.5, 0.5]},
								"west": {"uv": [16, 23], "uv_size": [1, 0.5]},
								"up": {"uv": [23, 16], "uv_size": [0.5, 1]},
								"down": {"uv": [17, 24], "uv_size": [0.5, -1]}
							}
						},
						{
							"origin": [-0.125, -0.72789, -14.22974],
							"size": [0.25, 0.2396, 0.918],
							"pivot": [0, -0.625, -13.35937],
							"rotation": [-32.5, 0, 0],
							"uv": {
								"north": {"uv": [25, 28], "uv_size": [0.5, 0.5]},
								"east": {"uv": [23, 17], "uv_size": [1, 0.5]},
								"south": {"uv": [28, 25], "uv_size": [0.5, 0.5]},
								"west": {"uv": [18, 23], "uv_size": [1, 0.5]},
								"up": {"uv": [23, 18], "uv_size": [0.5, 1]},
								"down": {"uv": [19, 24], "uv_size": [0.5, -1]}
							}
						},
						{
							"origin": [-0.42725, -0.82276, -2.8125],
							"size": [0.5625, 0.46875, 0.65625],
							"uv": {
								"west": {"uv": [159.15625, 112.0625], "uv_size": [55.84375, 43.4375]}
							}
						}
					]
				},
				{
					"name": "bone4",
					"parent": "cid",
					"pivot": [0, -0.39062, -0.76562],
					"cubes": [
						{
							"origin": [-0.31969, -0.07054, -0.99739],
							"size": [0.63938, 0.12688, 0.30634],
							"pivot": [0.02518, -0.10187, -1.9299],
							"rotation": [-22.5, 0, 0],
							"uv": {
								"north": {"uv": [23, 30], "uv_size": [0.5, 0.5]},
								"east": {"uv": [30, 23], "uv_size": [0.5, 0.5]},
								"south": {"uv": [24, 30], "uv_size": [0.5, 0.5]},
								"west": {"uv": [30, 24], "uv_size": [0.5, 0.5]},
								"up": {"uv": [25, 30], "uv_size": [0.5, 0.5]},
								"down": {"uv": [30, 25.5], "uv_size": [0.5, -0.5]}
							}
						},
						{
							"origin": [-0.31969, -0.16026, -0.90767],
							"size": [0.63938, 0.30634, 0.12688],
							"pivot": [0.02518, -0.10187, -1.9299],
							"rotation": [-22.5, 0, 0],
							"uv": {
								"north": {"uv": [26, 30], "uv_size": [0.5, 0.5]},
								"east": {"uv": [30, 26], "uv_size": [0.5, 0.5]},
								"south": {"uv": [27, 30], "uv_size": [0.5, 0.5]},
								"west": {"uv": [30, 27], "uv_size": [0.5, 0.5]},
								"up": {"uv": [28, 30], "uv_size": [0.5, 0.5]},
								"down": {"uv": [30, 28.5], "uv_size": [0.5, -0.5]}
							}
						},
						{
							"origin": [-0.31969, -0.9557, -1.15863],
							"size": [0.63938, 0.30634, 0.12688],
							"pivot": [0.02518, -0.10187, -1.9299],
							"rotation": [22.5, 0, 0],
							"uv": {
								"north": {"uv": [29, 30], "uv_size": [0.5, 0.5]},
								"east": {"uv": [30, 29], "uv_size": [0.5, 0.5]},
								"south": {"uv": [30, 30], "uv_size": [0.5, 0.5]},
								"west": {"uv": [0, 31], "uv_size": [0.5, 0.5]},
								"up": {"uv": [31, 0], "uv_size": [0.5, 0.5]},
								"down": {"uv": [1, 31.5], "uv_size": [0.5, -0.5]}
							}
						},
						{
							"origin": [-0.31969, -0.86598, -1.24835],
							"size": [0.63938, 0.12688, 0.30634],
							"pivot": [0.02518, -0.10187, -1.9299],
							"rotation": [22.5, 0, 0],
							"uv": {
								"north": {"uv": [31, 1], "uv_size": [0.5, 0.5]},
								"east": {"uv": [2, 31], "uv_size": [0.5, 0.5]},
								"south": {"uv": [31, 2], "uv_size": [0.5, 0.5]},
								"west": {"uv": [3, 31], "uv_size": [0.5, 0.5]},
								"up": {"uv": [31, 3], "uv_size": [0.5, 0.5]},
								"down": {"uv": [4, 31.5], "uv_size": [0.5, -0.5]}
							}
						}
					]
				},
				{
					"name": "bone11",
					"parent": "cid",
					"pivot": [0, 1.46875, -1.01562],
					"cubes": [
						{
							"origin": [-0.20478, 0.94207, -1.95997],
							"size": [0.42399, 0.1706, 0.25812],
							"uv": {
								"north": {"uv": [26, 28], "uv_size": [0.5, 0.5]},
								"east": {"uv": [28, 26], "uv_size": [0.5, 0.5]},
								"south": {"uv": [27, 28], "uv_size": [0.5, 0.5]},
								"west": {"uv": [28, 27], "uv_size": [0.5, 0.5]},
								"up": {"uv": [28, 28], "uv_size": [0.5, 0.5]},
								"down": {"uv": [0, 29.5], "uv_size": [0.5, -0.5]}
							}
						},
						{
							"origin": [-0.20478, 0.94207, -1.95997],
							"size": [0.42399, 0.1706, 0.25812],
							"pivot": [0.00721, 1.45386, 0.74136],
							"rotation": [0, 0, 45],
							"uv": {
								"north": {"uv": [29, 0], "uv_size": [0.5, 0.5]},
								"east": {"uv": [1, 29], "uv_size": [0.5, 0.5]},
								"south": {"uv": [29, 1], "uv_size": [0.5, 0.5]},
								"west": {"uv": [2, 29], "uv_size": [0.5, 0.5]},
								"up": {"uv": [29, 2], "uv_size": [0.5, 0.5]},
								"down": {"uv": [3, 29.5], "uv_size": [0.5, -0.5]}
							}
						},
						{
							"origin": [-0.50458, 1.24187, -1.95997],
							"size": [0.1706, 0.42399, 0.25812],
							"uv": {
								"north": {"uv": [29, 3], "uv_size": [0.5, 0.5]},
								"east": {"uv": [4, 29], "uv_size": [0.5, 0.5]},
								"south": {"uv": [29, 4], "uv_size": [0.5, 0.5]},
								"west": {"uv": [5, 29], "uv_size": [0.5, 0.5]},
								"up": {"uv": [29, 5], "uv_size": [0.5, 0.5]},
								"down": {"uv": [6, 29.5], "uv_size": [0.5, -0.5]}
							}
						},
						{
							"origin": [-0.50458, 1.24187, -1.95997],
							"size": [0.1706, 0.42399, 0.25812],
							"pivot": [0.00721, 1.45386, 0.74136],
							"rotation": [0, 0, 45],
							"uv": {
								"north": {"uv": [29, 6], "uv_size": [0.5, 0.5]},
								"east": {"uv": [7, 29], "uv_size": [0.5, 0.5]},
								"south": {"uv": [29, 7], "uv_size": [0.5, 0.5]},
								"west": {"uv": [8, 29], "uv_size": [0.5, 0.5]},
								"up": {"uv": [29, 8], "uv_size": [0.5, 0.5]},
								"down": {"uv": [9, 29.5], "uv_size": [0.5, -0.5]}
							}
						},
						{
							"origin": [-0.20478, 1.79506, -1.95997],
							"size": [0.42399, 0.1706, 0.25812],
							"uv": {
								"north": {"uv": [29, 9], "uv_size": [0.5, 0.5]},
								"east": {"uv": [10, 29], "uv_size": [0.5, 0.5]},
								"south": {"uv": [29, 10], "uv_size": [0.5, 0.5]},
								"west": {"uv": [11, 29], "uv_size": [0.5, 0.5]},
								"up": {"uv": [29, 11], "uv_size": [0.5, 0.5]},
								"down": {"uv": [12, 29.5], "uv_size": [0.5, -0.5]}
							}
						},
						{
							"origin": [-0.20478, 1.79506, -1.95997],
							"size": [0.42399, 0.1706, 0.25812],
							"pivot": [0.00721, 1.45386, 0.74136],
							"rotation": [0, 0, 45],
							"uv": {
								"north": {"uv": [29, 12], "uv_size": [0.5, 0.5]},
								"east": {"uv": [13, 29], "uv_size": [0.5, 0.5]},
								"south": {"uv": [29, 13], "uv_size": [0.5, 0.5]},
								"west": {"uv": [14, 29], "uv_size": [0.5, 0.5]},
								"up": {"uv": [29, 14], "uv_size": [0.5, 0.5]},
								"down": {"uv": [15, 29.5], "uv_size": [0.5, -0.5]}
							}
						},
						{
							"origin": [0.34841, 1.24187, -1.95997],
							"size": [0.1706, 0.42399, 0.25812],
							"uv": {
								"north": {"uv": [29, 15], "uv_size": [0.5, 0.5]},
								"east": {"uv": [16, 29], "uv_size": [0.5, 0.5]},
								"south": {"uv": [29, 16], "uv_size": [0.5, 0.5]},
								"west": {"uv": [17, 29], "uv_size": [0.5, 0.5]},
								"up": {"uv": [29, 17], "uv_size": [0.5, 0.5]},
								"down": {"uv": [18, 29.5], "uv_size": [0.5, -0.5]}
							}
						},
						{
							"origin": [0.34841, 1.24187, -1.95997],
							"size": [0.1706, 0.42399, 0.25812],
							"pivot": [0.00721, 1.45386, 0.74136],
							"rotation": [0, 0, 45],
							"uv": {
								"north": {"uv": [29, 18], "uv_size": [0.5, 0.5]},
								"east": {"uv": [19, 29], "uv_size": [0.5, 0.5]},
								"south": {"uv": [29, 19], "uv_size": [0.5, 0.5]},
								"west": {"uv": [20, 29], "uv_size": [0.5, 0.5]},
								"up": {"uv": [29, 20], "uv_size": [0.5, 0.5]},
								"down": {"uv": [21, 29.5], "uv_size": [0.5, -0.5]}
							}
						}
					]
				},
				{
					"name": "bone12",
					"parent": "cid",
					"pivot": [0, 1, -1.01562],
					"cubes": [
						{
							"origin": [-0.39346, 0.15908, 3.10938],
							"size": [0.78691, 0.09092, 1],
							"uv": {
								"north": {"uv": [23, 19], "uv_size": [1, 0.5]},
								"east": {"uv": [20, 23], "uv_size": [1, 0.5]},
								"south": {"uv": [23, 20], "uv_size": [1, 0.5]},
								"west": {"uv": [21, 23], "uv_size": [1, 0.5]},
								"up": {"uv": [19, 16], "uv_size": [1, 1]},
								"down": {"uv": [17, 20], "uv_size": [1, -1]}
							}
						},
						{
							"origin": [-2.06608, -0.80643, 3.10938],
							"size": [0.12858, 0.13456, 1],
							"pivot": [0, -2.1875, 4.07813],
							"rotation": [0, 0, 45],
							"uv": {
								"north": {"uv": [29, 21], "uv_size": [0.5, 0.5]},
								"east": {"uv": [23, 21], "uv_size": [1, 0.5]},
								"south": {"uv": [22, 29], "uv_size": [0.5, 0.5]},
								"west": {"uv": [22, 23], "uv_size": [1, 0.5]},
								"up": {"uv": [23, 22], "uv_size": [0.5, 1]},
								"down": {"uv": [23, 24], "uv_size": [0.5, -1]}
							}
						},
						{
							"origin": [-0.6064, 0.2314, 3.10938],
							"size": [1.2128, 0.0811, 0.99634],
							"uv": {
								"north": {"uv": [0, 24], "uv_size": [1, 0.5]},
								"east": {"uv": [24, 0], "uv_size": [1, 0.5]},
								"south": {"uv": [1, 24], "uv_size": [1, 0.5]},
								"west": {"uv": [24, 1], "uv_size": [1, 0.5]},
								"up": {"uv": [19, 17], "uv_size": [1, 1]},
								"down": {"uv": [18, 20], "uv_size": [1, -1]}
							}
						},
						{
							"origin": [-0.48437, 0.25, 3.10938],
							"size": [0.96875, 0.23438, 1],
							"uv": {
								"north": {"uv": [2, 24], "uv_size": [1, 0.5]},
								"east": {"uv": [24, 2], "uv_size": [1, 0.5]},
								"south": {"uv": [3, 24], "uv_size": [1, 0.5]},
								"west": {"uv": [24, 3], "uv_size": [1, 0.5]},
								"up": {"uv": [19, 18], "uv_size": [1, 1]},
								"down": {"uv": [19, 20], "uv_size": [1, -1]}
							}
						},
						{
							"origin": [0.50937, 1.06895, 3.10938],
							"size": [0.125, 0.11469, 0.99634],
							"pivot": [0.96249, -0.69668, 4.48438],
							"rotation": [0, 0, -45],
							"uv": {
								"north": {"uv": [29, 22], "uv_size": [0.5, 0.5]},
								"east": {"uv": [4, 24], "uv_size": [1, 0.5]},
								"south": {"uv": [23, 29], "uv_size": [0.5, 0.5]},
								"west": {"uv": [24, 4], "uv_size": [1, 0.5]},
								"up": {"uv": [5, 24], "uv_size": [0.5, 1]},
								"down": {"uv": [24, 6], "uv_size": [0.5, -1]}
							}
						},
						{
							"origin": [-0.6875, 0.3125, 3.10938],
							"size": [0.34375, 0.13032, 0.99634],
							"uv": {
								"north": {"uv": [29, 23], "uv_size": [0.5, 0.5]},
								"east": {"uv": [6, 24], "uv_size": [1, 0.5]},
								"south": {"uv": [24, 29], "uv_size": [0.5, 0.5]},
								"west": {"uv": [24, 6], "uv_size": [1, 0.5]},
								"up": {"uv": [7, 24], "uv_size": [0.5, 1]},
								"down": {"uv": [24, 8], "uv_size": [0.5, -1]}
							}
						},
						{
							"origin": [-0.6875, 0.4375, 3.10938],
							"size": [0.34375, 0.3125, 1],
							"uv": {
								"north": {"uv": [29, 24], "uv_size": [0.5, 0.5]},
								"east": {"uv": [8, 24], "uv_size": [1, 0.5]},
								"south": {"uv": [25, 29], "uv_size": [0.5, 0.5]},
								"west": {"uv": [24, 8], "uv_size": [1, 0.5]},
								"up": {"uv": [9, 24], "uv_size": [0.5, 1]},
								"down": {"uv": [24, 10], "uv_size": [0.5, -1]}
							}
						},
						{
							"origin": [-0.63437, 1.06895, 3.10938],
							"size": [0.125, 0.11469, 0.99634],
							"pivot": [-0.96249, -0.69668, 4.48438],
							"rotation": [0, 0, 45],
							"uv": {
								"north": {"uv": [29, 25], "uv_size": [0.5, 0.5]},
								"east": {"uv": [10, 24], "uv_size": [1, 0.5]},
								"south": {"uv": [26, 29], "uv_size": [0.5, 0.5]},
								"west": {"uv": [24, 10], "uv_size": [1, 0.5]},
								"up": {"uv": [11, 24], "uv_size": [0.5, 1]},
								"down": {"uv": [24, 12], "uv_size": [0.5, -1]}
							}
						},
						{
							"origin": [0.34375, 0.3125, 3.10938],
							"size": [0.34375, 0.13032, 0.99634],
							"uv": {
								"north": {"uv": [29, 26], "uv_size": [0.5, 0.5]},
								"east": {"uv": [12, 24], "uv_size": [1, 0.5]},
								"south": {"uv": [27, 29], "uv_size": [0.5, 0.5]},
								"west": {"uv": [24, 12], "uv_size": [1, 0.5]},
								"up": {"uv": [13, 24], "uv_size": [0.5, 1]},
								"down": {"uv": [24, 14], "uv_size": [0.5, -1]}
							}
						},
						{
							"origin": [0.34375, 0.4375, 3.10938],
							"size": [0.34375, 0.3125, 1],
							"uv": {
								"north": {"uv": [29, 27], "uv_size": [0.5, 0.5]},
								"east": {"uv": [14, 24], "uv_size": [1, 0.5]},
								"south": {"uv": [28, 29], "uv_size": [0.5, 0.5]},
								"west": {"uv": [24, 14], "uv_size": [1, 0.5]},
								"up": {"uv": [15, 24], "uv_size": [0.5, 1]},
								"down": {"uv": [24, 16], "uv_size": [0.5, -1]}
							}
						}
					]
				},
				{
					"name": "bone_illuminated",
					"parent": "cid",
					"pivot": [0, 1, -1.01562],
					"cubes": [
						{
							"origin": [-0.30469, -0.03125, -1.71875],
							"size": [0.60938, 0.09375, 4.51563],
							"uv": {
								"east": {"uv": [10, 17], "uv_size": [4.5, 0.5]},
								"west": {"uv": [17, 11], "uv_size": [4.5, 0.5]}
							}
						},
						{
							"origin": [-0.30469, -0.14062, -1.71875],
							"size": [0.60938, 0.04688, 4.51563],
							"uv": {
								"east": {"uv": [17, 12], "uv_size": [4.5, 0.5]},
								"west": {"uv": [17, 13], "uv_size": [4.5, 0.5]}
							}
						},
						{
							"origin": [-0.03125, 5.01563, -7.1875],
							"size": [0.0625, 0.90625, 0.53125],
							"pivot": [0, 4.32813, 0.85938],
							"rotation": [45, 0, 0],
							"uv": {
								"north": {"uv": [16, 24], "uv_size": [0.5, 1]},
								"east": {"uv": [24, 16], "uv_size": [0.5, 1]},
								"south": {"uv": [17, 24], "uv_size": [0.5, 1]},
								"west": {"uv": [24, 17], "uv_size": [0.5, 1]},
								"up": {"uv": [31, 4], "uv_size": [0.5, 0.5]},
								"down": {"uv": [5, 31.5], "uv_size": [0.5, -0.5]}
							}
						},
						{
							"origin": [-0.03125, -0.57812, -10.89062],
							"size": [0.0625, 0.09375, 8.98438],
							"uv": {
								"north": {"uv": [31, 5], "uv_size": [0.5, 0.5]},
								"east": {"uv": [6, 10], "uv_size": [9, 0.5]},
								"south": {"uv": [6, 31], "uv_size": [0.5, 0.5]},
								"west": {"uv": [11, 4], "uv_size": [9, 0.5]},
								"up": {"uv": [6, 11], "uv_size": [0.5, 9]},
								"down": {"uv": [7, 20], "uv_size": [0.5, -9]}
							}
						},
						{
							"origin": [-0.03125, 5.01563, -4.8125],
							"size": [0.0625, 0.90625, 0.53125],
							"pivot": [0, 4.32813, 3.23438],
							"rotation": [45, 0, 0],
							"uv": {
								"north": {"uv": [18, 24], "uv_size": [0.5, 1]},
								"east": {"uv": [24, 18], "uv_size": [0.5, 1]},
								"south": {"uv": [19, 24], "uv_size": [0.5, 1]},
								"west": {"uv": [24, 19], "uv_size": [0.5, 1]},
								"up": {"uv": [31, 6], "uv_size": [0.5, 0.5]},
								"down": {"uv": [7, 31.5], "uv_size": [0.5, -0.5]}
							}
						},
						{
							"origin": [-0.03125, -0.26562, -10.89062],
							"size": [0.0625, 0.07813, 8.98438],
							"uv": {
								"north": {"uv": [31, 7], "uv_size": [0.5, 0.5]},
								"east": {"uv": [11, 5], "uv_size": [9, 0.5]},
								"south": {"uv": [8, 31], "uv_size": [0.5, 0.5]},
								"west": {"uv": [11, 6], "uv_size": [9, 0.5]},
								"up": {"uv": [8, 11], "uv_size": [0.5, 9]},
								"down": {"uv": [9, 20], "uv_size": [0.5, -9]}
							}
						},
						{
							"origin": [-0.03125, 5.01563, -9.4375],
							"size": [0.0625, 0.90625, 0.53125],
							"pivot": [0, 4.32813, -1.39062],
							"rotation": [45, 0, 0],
							"uv": {
								"north": {"uv": [20, 24], "uv_size": [0.5, 1]},
								"east": {"uv": [24, 20], "uv_size": [0.5, 1]},
								"south": {"uv": [21, 24], "uv_size": [0.5, 1]},
								"west": {"uv": [24, 21], "uv_size": [0.5, 1]},
								"up": {"uv": [31, 8], "uv_size": [0.5, 0.5]},
								"down": {"uv": [9, 31.5], "uv_size": [0.5, -0.5]}
							}
						},
						{
							"origin": [-0.03125, 5.01563, -11.8125],
							"size": [0.0625, 0.90625, 0.53125],
							"pivot": [0, 4.32813, -3.76562],
							"rotation": [45, 0, 0],
							"uv": {
								"north": {"uv": [22, 24], "uv_size": [0.5, 1]},
								"east": {"uv": [24, 22], "uv_size": [0.5, 1]},
								"south": {"uv": [23, 24], "uv_size": [0.5, 1]},
								"west": {"uv": [24, 23], "uv_size": [0.5, 1]},
								"up": {"uv": [31, 9], "uv_size": [0.5, 0.5]},
								"down": {"uv": [10, 31.5], "uv_size": [0.5, -0.5]}
							}
						}
					]
				},
				{
					"name": "bone",
					"parent": "cid",
					"pivot": [0, -0.39062, 2.23438],
					"cubes": [
						{
							"origin": [-0.31969, -0.07054, 2.00261],
							"size": [0.63938, 0.12688, 0.30634],
							"pivot": [0.02518, -0.10187, 1.0701],
							"rotation": [-22.5, 0, 0],
							"uv": {
								"north": {"uv": [29, 28], "uv_size": [0.5, 0.5]},
								"east": {"uv": [29, 29], "uv_size": [0.5, 0.5]},
								"south": {"uv": [0, 30], "uv_size": [0.5, 0.5]},
								"west": {"uv": [30, 0], "uv_size": [0.5, 0.5]},
								"up": {"uv": [1, 30], "uv_size": [0.5, 0.5]},
								"down": {"uv": [30, 1.5], "uv_size": [0.5, -0.5]}
							}
						},
						{
							"origin": [-0.31969, -0.16026, 2.09233],
							"size": [0.63938, 0.30634, 0.12688],
							"pivot": [0.02518, -0.10187, 1.0701],
							"rotation": [-22.5, 0, 0],
							"uv": {
								"north": {"uv": [2, 30], "uv_size": [0.5, 0.5]},
								"east": {"uv": [30, 2], "uv_size": [0.5, 0.5]},
								"south": {"uv": [3, 30], "uv_size": [0.5, 0.5]},
								"west": {"uv": [30, 3], "uv_size": [0.5, 0.5]},
								"up": {"uv": [4, 30], "uv_size": [0.5, 0.5]},
								"down": {"uv": [30, 4.5], "uv_size": [0.5, -0.5]}
							}
						},
						{
							"origin": [-0.31969, -0.9557, 1.84137],
							"size": [0.63938, 0.30634, 0.12688],
							"pivot": [0.02518, -0.10187, 1.0701],
							"rotation": [22.5, 0, 0],
							"uv": {
								"north": {"uv": [5, 30], "uv_size": [0.5, 0.5]},
								"east": {"uv": [30, 5], "uv_size": [0.5, 0.5]},
								"south": {"uv": [6, 30], "uv_size": [0.5, 0.5]},
								"west": {"uv": [30, 6], "uv_size": [0.5, 0.5]},
								"up": {"uv": [7, 30], "uv_size": [0.5, 0.5]},
								"down": {"uv": [30, 7.5], "uv_size": [0.5, -0.5]}
							}
						},
						{
							"origin": [-0.31969, -0.86598, 1.75165],
							"size": [0.63938, 0.12688, 0.30634],
							"pivot": [0.02518, -0.10187, 1.0701],
							"rotation": [22.5, 0, 0],
							"uv": {
								"north": {"uv": [8, 30], "uv_size": [0.5, 0.5]},
								"east": {"uv": [30, 8], "uv_size": [0.5, 0.5]},
								"south": {"uv": [9, 30], "uv_size": [0.5, 0.5]},
								"west": {"uv": [30, 9], "uv_size": [0.5, 0.5]},
								"up": {"uv": [10, 30], "uv_size": [0.5, 0.5]},
								"down": {"uv": [30, 10.5], "uv_size": [0.5, -0.5]}
							}
						}
					]
				},
				{
					"name": "bone2",
					"parent": "cid",
					"pivot": [0, -0.39062, 2.23438],
					"cubes": [
						{
							"origin": [-0.31969, -0.07054, 2.00261],
							"size": [0.63938, 0.12688, 0.30634],
							"pivot": [0.02518, -0.10187, 1.0701],
							"rotation": [-22.5, 0, 0],
							"uv": {
								"north": {"uv": [11, 30], "uv_size": [0.5, 0.5]},
								"east": {"uv": [30, 11], "uv_size": [0.5, 0.5]},
								"south": {"uv": [12, 30], "uv_size": [0.5, 0.5]},
								"west": {"uv": [30, 12], "uv_size": [0.5, 0.5]},
								"up": {"uv": [13, 30], "uv_size": [0.5, 0.5]},
								"down": {"uv": [30, 13.5], "uv_size": [0.5, -0.5]}
							}
						},
						{
							"origin": [-0.31969, -0.16026, 2.09233],
							"size": [0.63938, 0.30634, 0.12688],
							"pivot": [0.02518, -0.10187, 1.0701],
							"rotation": [-22.5, 0, 0],
							"uv": {
								"north": {"uv": [14, 30], "uv_size": [0.5, 0.5]},
								"east": {"uv": [30, 14], "uv_size": [0.5, 0.5]},
								"south": {"uv": [15, 30], "uv_size": [0.5, 0.5]},
								"west": {"uv": [30, 15], "uv_size": [0.5, 0.5]},
								"up": {"uv": [16, 30], "uv_size": [0.5, 0.5]},
								"down": {"uv": [30, 16.5], "uv_size": [0.5, -0.5]}
							}
						},
						{
							"origin": [-0.31969, -0.9557, 1.84137],
							"size": [0.63938, 0.30634, 0.12688],
							"pivot": [0.02518, -0.10187, 1.0701],
							"rotation": [22.5, 0, 0],
							"uv": {
								"north": {"uv": [17, 30], "uv_size": [0.5, 0.5]},
								"east": {"uv": [30, 17], "uv_size": [0.5, 0.5]},
								"south": {"uv": [18, 30], "uv_size": [0.5, 0.5]},
								"west": {"uv": [30, 18], "uv_size": [0.5, 0.5]},
								"up": {"uv": [19, 30], "uv_size": [0.5, 0.5]},
								"down": {"uv": [30, 19.5], "uv_size": [0.5, -0.5]}
							}
						},
						{
							"origin": [-0.31969, -0.86598, 1.75165],
							"size": [0.63938, 0.12688, 0.30634],
							"pivot": [0.02518, -0.10187, 1.0701],
							"rotation": [22.5, 0, 0],
							"uv": {
								"north": {"uv": [20, 30], "uv_size": [0.5, 0.5]},
								"east": {"uv": [30, 20], "uv_size": [0.5, 0.5]},
								"south": {"uv": [21, 30], "uv_size": [0.5, 0.5]},
								"west": {"uv": [30, 21], "uv_size": [0.5, 0.5]},
								"up": {"uv": [22, 30], "uv_size": [0.5, 0.5]},
								"down": {"uv": [30, 22.5], "uv_size": [0.5, -0.5]}
							}
						}
					]
				}
			]
		}
	]
}