{
	"format_version": "1.12.0",
	"minecraft:geometry": [
		{
			"description": {
				"identifier": "geometry.sight_sro_dot - Converted",
				"texture_width": 512,
				"texture_height": 512,
				"visible_bounds_width": 11,
				"visible_bounds_height": 2,
				"visible_bounds_offset": [0, 0, 0]
			},
			"bones": [
				{
					"name": "scope_view",
					"pivot": [0, 1.85938, 6.9375]
				},
				{
					"name": "scope_body",
					"pivot": [0, 18.95, 0]
				},
				{
					"name": "sight",
					"parent": "scope_body",
					"pivot": [0, 8.20313, 4.95313],
					"cubes": [
						{
							"origin": [-0.375, 0.85089, -1.46963],
							"size": [0.75, 0.23438, 0.25981],
							"pivot": [0, 0.97589, -1.37098],
							"rotation": [45, 0, 0],
							"uv": {
								"north": {"uv": [6, 14], "uv_size": [1, 0.5]},
								"east": {"uv": [15, 15], "uv_size": [0.5, 0.5]},
								"west": {"uv": [0, 16], "uv_size": [0.5, 0.5]},
								"up": {"uv": [14, 6], "uv_size": [1, 0.5]}
							}
						},
						{
							"origin": [-0.375, 0.98125, -5.08437],
							"size": [0.75, 0.1875, 0.75],
							"uv": {
								"east": {"uv": [14, 7], "uv_size": [1, 0.5]},
								"south": {"uv": [14, 8], "uv_size": [1, 0.5]},
								"west": {"uv": [9, 14], "uv_size": [1, 0.5]},
								"up": {"uv": [1, 4], "uv_size": [1, 1]}
							}
						},
						{
							"origin": [-0.29687, 0.98125, -5.08437],
							"size": [0.59375, 0.10938, 3.8125],
							"uv": {
								"east": {"uv": [7, 6], "uv_size": [4, 0.5]},
								"west": {"uv": [7, 7], "uv_size": [4, 0.5]},
								"up": {"uv": [1, 7], "uv_size": [0.5, 4]}
							}
						},
						{
							"origin": [-0.375, 0.96563, -5.39687],
							"size": [0.75, 0.20313, 0.3125],
							"uv": {
								"east": {"uv": [16, 0], "uv_size": [0.5, 0.5]},
								"west": {"uv": [1, 16], "uv_size": [0.5, 0.5]}
							}
						},
						{
							"origin": [-0.32813, 1.09063, -1.20938],
							"size": [0.2356, 0.125, 0.5625],
							"pivot": [-0.42908, 1.90313, -1.08437],
							"rotation": [0, 0, 45],
							"uv": {
								"north": {"uv": [16, 1], "uv_size": [0.5, 0.5]},
								"south": {"uv": [2, 16], "uv_size": [0.5, 0.5]},
								"west": {"uv": [16, 2], "uv_size": [0.5, 0.5]},
								"up": {"uv": [3, 16], "uv_size": [0.5, 0.5]},
								"down": {"uv": [16, 3.5], "uv_size": [0.5, -0.5]}
							}
						},
						{
							"origin": [1.11658, 1.56658, -1.20938],
							"size": [0.125, 0.2356, 0.5625],
							"pivot": [0.42908, 1.90313, -1.08437],
							"rotation": [0, 0, 45],
							"uv": {
								"north": {"uv": [4, 16], "uv_size": [0.5, 0.5]},
								"east": {"uv": [16, 4], "uv_size": [0.5, 0.5]},
								"south": {"uv": [5, 16], "uv_size": [0.5, 0.5]},
								"west": {"uv": [16, 5], "uv_size": [0.5, 0.5]}
							}
						},
						{
							"origin": [-0.375, 0.98125, -1.33437],
							"size": [0.75, 0.1875, 0.75],
							"uv": {
								"north": {"uv": [14, 9], "uv_size": [1, 0.5]},
								"east": {"uv": [10, 14], "uv_size": [1, 0.5]},
								"south": {"uv": [14, 10], "uv_size": [1, 0.5]},
								"west": {"uv": [11, 14], "uv_size": [1, 0.5]},
								"up": {"uv": [3, 5], "uv_size": [1, 1]}
							}
						},
						{
							"origin": [-0.76562, 1.09063, -1.20938],
							"size": [1.53125, 0.125, 0.5625],
							"uv": {
								"north": {"uv": [4, 11], "uv_size": [1.5, 0.5]},
								"south": {"uv": [6, 11], "uv_size": [1.5, 0.5]},
								"up": {"uv": [11, 6], "uv_size": [1.5, 0.5]},
								"down": {"uv": [11, 7.5], "uv_size": [1.5, -0.5]}
							}
						},
						{
							"origin": [-0.32813, 2.56444, -1.20938],
							"size": [0.2356, 0.125, 0.5625],
							"pivot": [-0.42908, 1.87694, -1.08437],
							"rotation": [0, 0, -45],
							"uv": {
								"north": {"uv": [6, 16], "uv_size": [0.5, 0.5]},
								"south": {"uv": [16, 6], "uv_size": [0.5, 0.5]},
								"west": {"uv": [7, 16], "uv_size": [0.5, 0.5]},
								"up": {"uv": [16, 7], "uv_size": [0.5, 0.5]},
								"down": {"uv": [8, 16.5], "uv_size": [0.5, -0.5]}
							}
						},
						{
							"origin": [-0.76562, 2.56444, -1.20938],
							"size": [1.53125, 0.125, 0.5625],
							"uv": {
								"north": {"uv": [8, 11], "uv_size": [1.5, 0.5]},
								"south": {"uv": [11, 9], "uv_size": [1.5, 0.5]},
								"up": {"uv": [10, 11], "uv_size": [1.5, 0.5]},
								"down": {"uv": [11, 10.5], "uv_size": [1.5, -0.5]}
							}
						},
						{
							"origin": [-0.93222, 1.25722, -1.20938],
							"size": [0.14063, 1.26563, 0.5625],
							"uv": {
								"north": {"uv": [0, 12], "uv_size": [0.5, 1.5]},
								"east": {"uv": [1, 12], "uv_size": [0.5, 1.5]},
								"south": {"uv": [12, 2], "uv_size": [0.5, 1.5]},
								"west": {"uv": [3, 12], "uv_size": [0.5, 1.5]}
							}
						},
						{
							"origin": [0.79159, 1.25722, -1.20938],
							"size": [0.14063, 1.26563, 0.5625],
							"uv": {
								"north": {"uv": [4, 12], "uv_size": [0.5, 1.5]},
								"east": {"uv": [12, 4], "uv_size": [0.5, 1.5]},
								"south": {"uv": [5, 12], "uv_size": [0.5, 1.5]},
								"west": {"uv": [6, 12], "uv_size": [0.5, 1.5]}
							}
						},
						{
							"origin": [1.11658, 1.97789, -1.20938],
							"size": [0.125, 0.2356, 0.5625],
							"pivot": [0.42908, 1.87694, -1.08437],
							"rotation": [0, 0, -45],
							"uv": {
								"north": {"uv": [16, 8], "uv_size": [0.5, 0.5]},
								"east": {"uv": [9, 16], "uv_size": [0.5, 0.5]},
								"south": {"uv": [16, 9], "uv_size": [0.5, 0.5]},
								"west": {"uv": [10, 16], "uv_size": [0.5, 0.5]}
							}
						},
						{
							"origin": [-0.51563, 1.09063, -5.89687],
							"size": [0.2356, 0.125, 1.4375],
							"pivot": [-0.61658, 1.90313, -4.89687],
							"rotation": [0, 0, 45],
							"uv": {
								"north": {"uv": [16, 10], "uv_size": [0.5, 0.5]},
								"south": {"uv": [11, 16], "uv_size": [0.5, 0.5]},
								"west": {"uv": [7, 12], "uv_size": [1.5, 0.5]},
								"up": {"uv": [9, 12], "uv_size": [0.5, 1.5]},
								"down": {"uv": [10, 13.5], "uv_size": [0.5, -1.5]}
							}
						},
						{
							"origin": [1.30408, 1.56658, -5.89687],
							"size": [0.125, 0.2356, 1.4375],
							"pivot": [0.61658, 1.90313, -4.89687],
							"rotation": [0, 0, 45],
							"uv": {
								"north": {"uv": [16, 11], "uv_size": [0.5, 0.5]},
								"east": {"uv": [12, 8], "uv_size": [1.5, 0.5]},
								"south": {"uv": [12, 16], "uv_size": [0.5, 0.5]},
								"west": {"uv": [11, 12], "uv_size": [1.5, 0.5]}
							}
						},
						{
							"origin": [-0.95312, 1.09063, -5.89687],
							"size": [1.90625, 0.125, 1.4375],
							"uv": {
								"north": {"uv": [5, 10], "uv_size": [2, 0.5]},
								"south": {"uv": [7, 10], "uv_size": [2, 0.5]},
								"up": {"uv": [4, 4], "uv_size": [2, 1.5]},
								"down": {"uv": [5, 1.5], "uv_size": [2, -1.5]}
							}
						},
						{
							"origin": [1.30408, 2.10289, -5.89687],
							"size": [0.125, 0.2356, 1.4375],
							"pivot": [0.61658, 2.00194, -4.89687],
							"rotation": [0, 0, -45],
							"uv": {
								"north": {"uv": [16, 12], "uv_size": [0.5, 0.5]},
								"east": {"uv": [12, 11], "uv_size": [1.5, 0.5]},
								"south": {"uv": [13, 16], "uv_size": [0.5, 0.5]},
								"west": {"uv": [13, 0], "uv_size": [1.5, 0.5]}
							}
						},
						{
							"origin": [-0.95312, 2.68944, -5.89687],
							"size": [1.90625, 0.125, 1.4375],
							"uv": {
								"north": {"uv": [10, 8], "uv_size": [2, 0.5]},
								"south": {"uv": [9, 10], "uv_size": [2, 0.5]},
								"up": {"uv": [1, 5], "uv_size": [2, 1.5]},
								"down": {"uv": [5, 3.5], "uv_size": [2, -1.5]}
							}
						},
						{
							"origin": [-0.51563, 2.68944, -5.89687],
							"size": [0.2356, 0.125, 1.4375],
							"pivot": [-0.61658, 2.00194, -4.89687],
							"rotation": [0, 0, -45],
							"uv": {
								"north": {"uv": [16, 13], "uv_size": [0.5, 0.5]},
								"south": {"uv": [14, 16], "uv_size": [0.5, 0.5]},
								"west": {"uv": [13, 1], "uv_size": [1.5, 0.5]},
								"up": {"uv": [13, 2], "uv_size": [0.5, 1.5]},
								"down": {"uv": [13, 5.5], "uv_size": [0.5, -1.5]}
							}
						},
						{
							"origin": [-1.11972, 1.25722, -5.89687],
							"size": [0.14063, 1.39063, 1.4375],
							"uv": {
								"north": {"uv": [13, 6], "uv_size": [0.5, 1.5]},
								"east": {"uv": [3, 6], "uv_size": [1.5, 1.5]},
								"south": {"uv": [7, 13], "uv_size": [0.5, 1.5]},
								"west": {"uv": [6, 4], "uv_size": [1.5, 1.5]}
							}
						},
						{
							"origin": [0.97909, 1.25722, -5.89687],
							"size": [0.14063, 1.39063, 1.4375],
							"uv": {
								"north": {"uv": [8, 13], "uv_size": [0.5, 1.5]},
								"east": {"uv": [5, 6], "uv_size": [1.5, 1.5]},
								"south": {"uv": [13, 9], "uv_size": [0.5, 1.5]},
								"west": {"uv": [7, 0], "uv_size": [1.5, 1.5]}
							}
						},
						{
							"origin": [-0.6875, -0.01875, -3.64687],
							"size": [1.375, 0.3125, 0.3125],
							"pivot": [0, 0.10625, -3.52187],
							"rotation": [45, 0, 0],
							"uv": {
								"north": {"uv": [11, 13], "uv_size": [1.5, 0.5]},
								"east": {"uv": [16, 14], "uv_size": [0.5, 0.5]},
								"south": {"uv": [13, 12], "uv_size": [1.5, 0.5]},
								"west": {"uv": [15, 16], "uv_size": [0.5, 0.5]},
								"up": {"uv": [13, 13], "uv_size": [1.5, 0.5]},
								"down": {"uv": [0, 14.5], "uv_size": [1.5, -0.5]}
							}
						},
						{
							"origin": [-0.6875, -0.01875, -0.64687],
							"size": [1.375, 0.3125, 0.3125],
							"pivot": [0, 0.10625, -0.52187],
							"rotation": [45, 0, 0],
							"uv": {
								"north": {"uv": [2, 14], "uv_size": [1.5, 0.5]},
								"east": {"uv": [16, 15], "uv_size": [0.5, 0.5]},
								"south": {"uv": [14, 2], "uv_size": [1.5, 0.5]},
								"west": {"uv": [16, 16], "uv_size": [0.5, 0.5]},
								"up": {"uv": [14, 3], "uv_size": [1.5, 0.5]},
								"down": {"uv": [4, 14.5], "uv_size": [1.5, -0.5]}
							}
						},
						{
							"origin": [-0.375, 0.79375, -5.08437],
							"size": [0.75, 0.1875, 4.375],
							"uv": {
								"north": {"uv": [14, 11], "uv_size": [1, 0.5]},
								"east": {"uv": [7, 2], "uv_size": [4.5, 0.5]},
								"west": {"uv": [7, 3], "uv_size": [4.5, 0.5]},
								"up": {"uv": [2, 0], "uv_size": [1, 4.5]},
								"down": {"uv": [3, 4.5], "uv_size": [1, -4.5]}
							}
						},
						{
							"origin": [-0.375, 0.54288, -1.0018],
							"size": [0.75, 0.38268, 1.11138],
							"pivot": [0, 0.68751, -0.35083],
							"rotation": [-22.5, 0, 0],
							"uv": {
								"east": {"uv": [12, 14], "uv_size": [1, 0.5]},
								"west": {"uv": [13, 14], "uv_size": [1, 0.5]},
								"up": {"uv": [2, 7], "uv_size": [1, 1]},
								"down": {"uv": [10, 10], "uv_size": [1, -1]}
							}
						},
						{
							"origin": [-0.375, 0.66875, -5.08437],
							"size": [0.75, 0.125, 0.4375],
							"uv": {
								"north": {"uv": [14, 14], "uv_size": [1, 0.5]},
								"east": {"uv": [0, 17], "uv_size": [0.5, 0.5]},
								"south": {"uv": [0, 15], "uv_size": [1, 0.5]},
								"west": {"uv": [17, 0], "uv_size": [0.5, 0.5]}
							}
						},
						{
							"origin": [-0.375, 0.54375, -3.77187],
							"size": [0.75, 0.25, 0.1875],
							"uv": {
								"north": {"uv": [15, 0], "uv_size": [1, 0.5]},
								"east": {"uv": [1, 17], "uv_size": [0.5, 0.5]},
								"south": {"uv": [1, 15], "uv_size": [1, 0.5]},
								"west": {"uv": [17, 1], "uv_size": [0.5, 0.5]}
							}
						},
						{
							"origin": [-0.375, 0.54375, -2.77187],
							"size": [0.75, 0.25, 0.1875],
							"uv": {
								"north": {"uv": [15, 1], "uv_size": [1, 0.5]},
								"east": {"uv": [2, 17], "uv_size": [0.5, 0.5]},
								"south": {"uv": [2, 15], "uv_size": [1, 0.5]},
								"west": {"uv": [17, 2], "uv_size": [0.5, 0.5]}
							}
						},
						{
							"origin": [-0.375, 0.54375, -1.77187],
							"size": [0.75, 0.25, 0.1875],
							"uv": {
								"north": {"uv": [3, 15], "uv_size": [1, 0.5]},
								"east": {"uv": [3, 17], "uv_size": [0.5, 0.5]},
								"south": {"uv": [4, 15], "uv_size": [1, 0.5]},
								"west": {"uv": [17, 3], "uv_size": [0.5, 0.5]}
							}
						},
						{
							"origin": [-0.375, 0.35625, -4.33437],
							"size": [0.75, 0.1875, 3.75],
							"uv": {
								"east": {"uv": [2, 8], "uv_size": [4, 0.5]},
								"west": {"uv": [8, 4], "uv_size": [4, 0.5]},
								"up": {"uv": [0, 4], "uv_size": [1, 4]},
								"down": {"uv": [4, 4], "uv_size": [1, -4]}
							}
						},
						{
							"origin": [-0.375, 1.01881, -4.97778],
							"size": [0.75, 0.1875, 0.8125],
							"pivot": [0, 1.11256, -5.91528],
							"rotation": [-22.5, 0, 0],
							"uv": {
								"north": {"uv": [5, 15], "uv_size": [1, 0.5]},
								"east": {"uv": [6, 15], "uv_size": [1, 0.5]},
								"west": {"uv": [15, 6], "uv_size": [1, 0.5]},
								"up": {"uv": [1, 11], "uv_size": [1, 1]},
								"down": {"uv": [3, 12], "uv_size": [1, -1]}
							}
						},
						{
							"origin": [-0.375, 1.48756, -5.6184],
							"size": [0.75, 0.09375, 0.73438],
							"pivot": [0, 1.58131, -6.6809],
							"rotation": [-22.5, 0, 0],
							"uv": {
								"north": {"uv": [7, 15], "uv_size": [1, 0.5]},
								"east": {"uv": [4, 17], "uv_size": [0.5, 0.5]},
								"west": {"uv": [17, 4], "uv_size": [0.5, 0.5]},
								"down": {"uv": [15, 7.5], "uv_size": [1, -0.5]}
							}
						},
						{
							"origin": [-0.375, 1.58131, -5.4309],
							"size": [0.75, 0.04688, 0.54688],
							"pivot": [0, 1.58131, -6.6809],
							"rotation": [-22.5, 0, 0],
							"uv": {
								"east": {"uv": [5, 17], "uv_size": [0.5, 0.5]},
								"west": {"uv": [17, 5], "uv_size": [0.5, 0.5]}
							}
						},
						{
							"origin": [-0.625, 0.04375, -3.83437],
							"size": [1.25, 0.375, 3.75],
							"uv": {
								"north": {"uv": [14, 4], "uv_size": [1.5, 0.5]},
								"east": {"uv": [8, 5], "uv_size": [4, 0.5]},
								"south": {"uv": [14, 5], "uv_size": [1.5, 0.5]},
								"west": {"uv": [6, 8], "uv_size": [4, 0.5]},
								"up": {"uv": [0, 0], "uv_size": [1.5, 4]}
							}
						},
						{
							"origin": [0.41096, -0.00646, -3.83437],
							"size": [0.1875, 0.17678, 3.75],
							"pivot": [0.03596, 0.08729, -3.58437],
							"rotation": [0, 0, -45],
							"uv": {
								"north": {"uv": [6, 17], "uv_size": [0.5, 0.5]},
								"south": {"uv": [17, 6], "uv_size": [0.5, 0.5]},
								"west": {"uv": [9, 0], "uv_size": [4, 0.5]}
							}
						},
						{
							"origin": [-0.59846, -0.00646, -3.83437],
							"size": [0.1875, 0.17678, 3.75],
							"pivot": [-0.03596, 0.08729, -3.58437],
							"rotation": [0, 0, 45],
							"uv": {
								"north": {"uv": [7, 17], "uv_size": [0.5, 0.5]},
								"east": {"uv": [9, 1], "uv_size": [4, 0.5]},
								"south": {"uv": [17, 7], "uv_size": [0.5, 0.5]}
							}
						},
						{
							"origin": [0.32322, -0.08125, -3.83437],
							"size": [0.25, 0.25, 3.75],
							"pivot": [0.44822, 0.04375, 0.16563],
							"rotation": [0, 0, 45],
							"uv": {
								"north": {"uv": [8, 17], "uv_size": [0.5, 0.5]},
								"south": {"uv": [17, 8], "uv_size": [0.5, 0.5]},
								"west": {"uv": [2, 9], "uv_size": [4, 0.5]},
								"down": {"uv": [0, 12], "uv_size": [0.5, -4]}
							}
						},
						{
							"origin": [-0.57322, -0.08125, -3.83437],
							"size": [0.25, 0.25, 3.75],
							"pivot": [-0.44822, 0.04375, 0.16563],
							"rotation": [0, 0, -45],
							"uv": {
								"north": {"uv": [9, 17], "uv_size": [0.5, 0.5]},
								"east": {"uv": [6, 9], "uv_size": [4, 0.5]},
								"south": {"uv": [17, 9], "uv_size": [0.5, 0.5]},
								"down": {"uv": [2, 14], "uv_size": [0.5, -4]}
							}
						},
						{
							"origin": [-0.375, 0.35625, -0.58437],
							"size": [0.75, 0.375, 0.75],
							"uv": {
								"north": {"uv": [8, 15], "uv_size": [1, 0.5]},
								"east": {"uv": [15, 8], "uv_size": [1, 0.5]},
								"south": {"uv": [9, 15], "uv_size": [1, 0.5]},
								"west": {"uv": [15, 9], "uv_size": [1, 0.5]}
							}
						},
						{
							"origin": [-0.375, 0.57413, -0.92368],
							"size": [0.14063, 0.38268, 1.11138],
							"pivot": [0, 0.71876, -0.27271],
							"rotation": [-22.5, 0, 0],
							"uv": {
								"east": {"uv": [10, 15], "uv_size": [1, 0.5]},
								"west": {"uv": [15, 10], "uv_size": [1, 0.5]},
								"up": {"uv": [11, 15], "uv_size": [0.5, 1]}
							}
						},
						{
							"origin": [-0.375, 0.35625, -0.50624],
							"size": [0.14063, 0.40625, 0.75],
							"uv": {
								"east": {"uv": [15, 11], "uv_size": [1, 0.5]},
								"south": {"uv": [10, 17], "uv_size": [0.5, 0.5]},
								"west": {"uv": [12, 15], "uv_size": [1, 0.5]}
							}
						},
						{
							"origin": [0.23438, 0.57413, -0.92368],
							"size": [0.14063, 0.38268, 1.11138],
							"pivot": [0, 0.71876, -0.27271],
							"rotation": [-22.5, 0, 0],
							"uv": {
								"east": {"uv": [15, 12], "uv_size": [1, 0.5]},
								"west": {"uv": [13, 15], "uv_size": [1, 0.5]},
								"up": {"uv": [15, 13], "uv_size": [0.5, 1]}
							}
						},
						{
							"origin": [0.23438, 0.35625, -0.50624],
							"size": [0.14063, 0.40625, 0.75],
							"uv": {
								"east": {"uv": [14, 15], "uv_size": [1, 0.5]},
								"south": {"uv": [17, 10], "uv_size": [0.5, 0.5]},
								"west": {"uv": [15, 14], "uv_size": [1, 0.5]}
							}
						}
					]
				},
				{
					"name": "bone19_illuminated",
					"parent": "sight",
					"pivot": [0, 8.20313, 4.92188],
					"cubes": [
						{
							"origin": [-0.29687, 1.10625, -5.25624],
							"size": [0.59375, 0.125, 0.28125],
							"uv": {
								"north": {"uv": [11, 17], "uv_size": [0.5, 0.5]},
								"south": {"uv": [17, 11], "uv_size": [0.5, 0.5]},
								"up": {"uv": [12, 17], "uv_size": [0.5, 0.5]}
							}
						},
						{
							"origin": [-0.23437, 1.10625, -1.06874],
							"size": [0.46875, 0.125, 0.28125],
							"uv": {
								"north": {"uv": [17, 12], "uv_size": [0.5, 0.5]},
								"south": {"uv": [13, 17], "uv_size": [0.5, 0.5]},
								"up": {"uv": [17, 13], "uv_size": [0.5, 0.5]}
							}
						},
						{
							"origin": [-0.6875, 1.26756, -0.89687],
							"size": [1.375, 1.1875, 0.09375],
							"uv": {
								"south": {"uv": [207.5, 32.84375], "uv_size": [65.8125, 57.34375]}
							}
						},
						{
							"origin": [-0.25, 1.64256, -5.02187],
							"size": [0.5, 0.48438, 0.09375],
							"uv": {
								"south": {"uv": [281.73438, 48.73438], "uv_size": [25.57813, 25.45313]}
							}
						}
					]
				},
				{
					"name": "division",
					"pivot": [0, 0.64063, -0.27271]
				},
				{
					"name": "ocular",
					"pivot": [0, 0.64063, -0.27271]
				}
			]
		}
	]
}