{
	"format_version": "1.12.0",
	"minecraft:geometry": [
		{
			"description": {
				"identifier": "geometry.scope_standard_8x - Converted",
				"texture_width": 128,
				"texture_height": 128,
				"visible_bounds_width": 22,
				"visible_bounds_height": 9,
				"visible_bounds_offset": [0, 0.5, 0]
			},
			"bones": [
				{
					"name": "scope_body",
					"pivot": [0, 0.575, 0.875]
				},
				{
					"name": "bone",
					"parent": "scope_body",
					"pivot": [0, -14.3375, 3.4]
				},
				{
					"name": "bone6",
					"parent": "bone",
					"pivot": [0, 1.725, -5.35],
					"rotation": [22.5, 0, 0]
				},
				{
					"name": "bone2",
					"parent": "scope_body",
					"pivot": [0.25, -6.4875, -0.6875]
				},
				{
					"name": "bone3",
					"parent": "scope_body",
					"pivot": [-0.25, -6.4875, -0.6875]
				},
				{
					"name": "bone4",
					"parent": "scope_body",
					"pivot": [0.60938, -2.8, -18.46875]
				},
				{
					"name": "bone5",
					"parent": "scope_body",
					"pivot": [0, 5.5125, 4.01563]
				},
				{
					"name": "bone7_illuminated",
					"parent": "scope_body",
					"pivot": [0, 0.575, 0.875]
				},
				{
					"name": "el",
					"parent": "scope_body",
					"pivot": [1.20313, 0.76563, -4.375],
					"rotation": [-1.27402, 2.02393, -66.52764]
				},
				{
					"name": "bone722_illuminated",
					"parent": "el",
					"pivot": [1.20313, 0.76563, -4.625]
				},
				{
					"name": "bone7",
					"parent": "bone722_illuminated",
					"pivot": [1.20313, 0.76563, -4.625],
					"rotation": [0, 0, -45]
				},
				{
					"name": "ocularring",
					"pivot": [0, 2.075, 6.225],
					"cubes": [
						{
							"origin": [-0.32813, 0.85626, -4.33437],
							"size": [0.2356, 0.125, 0.4375],
							"pivot": [-0.42908, 1.66876, -4.20937],
							"rotation": [0, 0, 45],
							"uv": {
								"north": {"uv": [5, 39], "uv_size": [0.5, 0.5]},
								"south": {"uv": [39, 5], "uv_size": [0.5, 0.5]},
								"west": {"uv": [6, 39], "uv_size": [0.5, 0.5]},
								"up": {"uv": [7, 39], "uv_size": [0.5, 0.5]},
								"down": {"uv": [8, 39.5], "uv_size": [0.5, -0.5]}
							}
						},
						{
							"origin": [-0.76562, 0.85626, -4.33437],
							"size": [1.53125, 0.125, 0.4375],
							"uv": {
								"north": {"uv": [11, 37], "uv_size": [1.5, 0.5]},
								"south": {"uv": [37, 11], "uv_size": [1.5, 0.5]},
								"up": {"uv": [37, 12], "uv_size": [1.5, 0.5]},
								"down": {"uv": [13, 37.5], "uv_size": [1.5, -0.5]}
							}
						},
						{
							"origin": [1.11658, 1.33221, -4.33437],
							"size": [0.125, 0.2356, 0.4375],
							"pivot": [0.42908, 1.66876, -4.20937],
							"rotation": [0, 0, 45],
							"uv": {
								"north": {"uv": [39, 8], "uv_size": [0.5, 0.5]},
								"east": {"uv": [9, 39], "uv_size": [0.5, 0.5]},
								"south": {"uv": [39, 9], "uv_size": [0.5, 0.5]},
								"west": {"uv": [10, 39], "uv_size": [0.5, 0.5]}
							}
						},
						{
							"origin": [0.79159, 1.02285, -4.33437],
							"size": [0.14063, 1.26563, 0.4375],
							"uv": {
								"north": {"uv": [19, 37], "uv_size": [0.5, 1.5]},
								"east": {"uv": [20, 37], "uv_size": [0.5, 1.5]},
								"south": {"uv": [37, 20], "uv_size": [0.5, 1.5]},
								"west": {"uv": [21, 37], "uv_size": [0.5, 1.5]}
							}
						},
						{
							"origin": [1.11658, 1.74352, -4.33437],
							"size": [0.125, 0.2356, 0.4375],
							"pivot": [0.42908, 1.64256, -4.20937],
							"rotation": [0, 0, -45],
							"uv": {
								"north": {"uv": [40, 15], "uv_size": [0.5, 0.5]},
								"east": {"uv": [16, 40], "uv_size": [0.5, 0.5]},
								"south": {"uv": [40, 16], "uv_size": [0.5, 0.5]},
								"west": {"uv": [17, 40], "uv_size": [0.5, 0.5]}
							}
						},
						{
							"origin": [-0.76562, 2.33006, -4.33437],
							"size": [1.53125, 0.125, 0.4375],
							"uv": {
								"north": {"uv": [37, 13], "uv_size": [1.5, 0.5]},
								"south": {"uv": [37, 14], "uv_size": [1.5, 0.5]},
								"up": {"uv": [15, 37], "uv_size": [1.5, 0.5]},
								"down": {"uv": [37, 15.5], "uv_size": [1.5, -0.5]}
							}
						},
						{
							"origin": [-0.32813, 2.33006, -4.33437],
							"size": [0.2356, 0.125, 0.4375],
							"pivot": [-0.42908, 1.64256, -4.20937],
							"rotation": [0, 0, -45],
							"uv": {
								"north": {"uv": [13, 40], "uv_size": [0.5, 0.5]},
								"south": {"uv": [40, 13], "uv_size": [0.5, 0.5]},
								"west": {"uv": [14, 40], "uv_size": [0.5, 0.5]},
								"up": {"uv": [40, 14], "uv_size": [0.5, 0.5]},
								"down": {"uv": [15, 40.5], "uv_size": [0.5, -0.5]}
							}
						},
						{
							"origin": [-0.93222, 1.02285, -4.33437],
							"size": [0.14063, 1.26563, 0.4375],
							"uv": {
								"north": {"uv": [37, 16], "uv_size": [0.5, 1.5]},
								"east": {"uv": [17, 37], "uv_size": [0.5, 1.5]},
								"south": {"uv": [18, 37], "uv_size": [0.5, 1.5]},
								"west": {"uv": [37, 18], "uv_size": [0.5, 1.5]}
							}
						}
					]
				},
				{
					"name": "bone8_illuminated",
					"parent": "ocularring",
					"pivot": [0, 2.075, 6.225],
					"cubes": [
						{
							"origin": [-0.79687, 1.05938, -4.19374],
							"size": [0.01563, 0.3125, 0.15625],
							"uv": {
								"north": {"uv": [40, 31], "uv_size": [0.5, 0.5]},
								"east": {"uv": [32, 40], "uv_size": [0.5, 0.5]},
								"south": {"uv": [40, 32], "uv_size": [0.5, 0.5]},
								"west": {"uv": [33, 40], "uv_size": [0.5, 0.5]},
								"up": {"uv": [40, 33], "uv_size": [0.5, 0.5]},
								"down": {"uv": [34, 40.5], "uv_size": [0.5, -0.5]}
							}
						},
						{
							"origin": [-0.63281, 0.16876, -3.11561],
							"size": [1.26563, 0.21875, 0.03125],
							"uv": {
								"east": {"uv": [32, 40], "uv_size": [0.5, 0.5]},
								"west": {"uv": [33, 40], "uv_size": [0.5, 0.5]}
							}
						},
						{
							"origin": [-0.63281, 0.16876, -3.02186],
							"size": [1.26563, 0.21875, 0.03125],
							"uv": {
								"east": {"uv": [32, 40], "uv_size": [0.5, 0.5]},
								"west": {"uv": [33, 40], "uv_size": [0.5, 0.5]}
							}
						},
						{
							"origin": [7.95313, 5.21563, -4.19374],
							"size": [0.01563, 0.125, 0.15625],
							"pivot": [8.75, -7.35937, -8.23437],
							"rotation": [0, 0, -45],
							"uv": {
								"north": {"uv": [40, 37], "uv_size": [0.5, 0.5]},
								"east": {"uv": [38, 40], "uv_size": [0.5, 0.5]},
								"south": {"uv": [40, 38], "uv_size": [0.5, 0.5]},
								"west": {"uv": [39, 40], "uv_size": [0.5, 0.5]},
								"up": {"uv": [40, 39], "uv_size": [0.5, 0.5]},
								"down": {"uv": [40, 40.5], "uv_size": [0.5, -0.5]}
							}
						},
						{
							"origin": [-0.73437, 0.87188, -4.19374],
							"size": [1.46875, 0.125, 0.15625],
							"uv": {
								"north": {"uv": [37, 28], "uv_size": [1.5, 0.5]},
								"south": {"uv": [37, 29], "uv_size": [1.5, 0.5]},
								"up": {"uv": [37, 30], "uv_size": [1.5, 0.5]}
							}
						},
						{
							"origin": [-7.96875, 5.21563, -4.19374],
							"size": [0.01563, 0.125, 0.15625],
							"pivot": [-8.75, -7.35937, -8.23437],
							"rotation": [0, 0, 45],
							"uv": {
								"north": {"uv": [0, 41], "uv_size": [0.5, 0.5]},
								"east": {"uv": [41, 0], "uv_size": [0.5, 0.5]},
								"south": {"uv": [1, 41], "uv_size": [0.5, 0.5]},
								"west": {"uv": [41, 1], "uv_size": [0.5, 0.5]},
								"up": {"uv": [2, 41], "uv_size": [0.5, 0.5]},
								"down": {"uv": [41, 2.5], "uv_size": [0.5, -0.5]}
							}
						},
						{
							"origin": [0.78125, 1.05938, -4.19374],
							"size": [0.01563, 0.3125, 0.15625],
							"uv": {
								"north": {"uv": [40, 34], "uv_size": [0.5, 0.5]},
								"east": {"uv": [35, 40], "uv_size": [0.5, 0.5]},
								"south": {"uv": [40, 35], "uv_size": [0.5, 0.5]},
								"west": {"uv": [36, 40], "uv_size": [0.5, 0.5]},
								"up": {"uv": [40, 36], "uv_size": [0.5, 0.5]},
								"down": {"uv": [37, 40.5], "uv_size": [0.5, -0.5]}
							}
						}
					]
				},
				{
					"name": "ocular",
					"pivot": [0, 2.075, 6.225],
					"cubes": [
						{
							"origin": [-0.79687, 0.93943, -4.25624],
							"size": [1.59375, 1.40625, 0.09375],
							"uv": {
								"south": {"uv": [6, 36], "uv_size": [1.5, 1.5]}
							}
						}
					]
				},
				{
					"name": "division",
					"pivot": [0.125, -1, -44.825]
				},
				{
					"name": "bone72_illuminated",
					"parent": "division",
					"pivot": [0.125, -1, -44.825],
					"cubes": [
						{
							"origin": [-1.99687, -0.26562, -52],
							"size": [4.03125, 3.875, 0.25],
							"uv": {
								"south": {"uv": [78.5, 0], "uv_size": [49.5, 49.5]}
							}
						}
					]
				},
				{
					"name": "scope_view",
					"pivot": [0, 1.67813, 7.35313]
				},
				{
					"name": "sight2",
					"pivot": [0, 9.34375, 6.73438],
					"cubes": [
						{
							"origin": [-0.51562, 0.59788, -2.40034],
							"size": [1.03125, 0.25301, 0.25302],
							"pivot": [0, 0.74152, -2.30848],
							"rotation": [45, 0, 0],
							"uv": {
								"north": {"uv": [31, 37], "uv_size": [1, 0.5]},
								"east": {"uv": [37, 38], "uv_size": [0.5, 0.5]},
								"west": {"uv": [38, 37], "uv_size": [0.5, 0.5]},
								"up": {"uv": [37, 31], "uv_size": [1, 0.5]}
							}
						},
						{
							"origin": [-0.51562, 0.59788, -0.65034],
							"size": [1.03125, 0.25301, 0.25302],
							"pivot": [0, 0.74152, -0.55848],
							"rotation": [45, 0, 0],
							"uv": {
								"north": {"uv": [32, 37], "uv_size": [1, 0.5]},
								"east": {"uv": [38, 38], "uv_size": [0.5, 0.5]},
								"south": {"uv": [37, 32], "uv_size": [1, 0.5]},
								"west": {"uv": [39, 3], "uv_size": [0.5, 0.5]},
								"up": {"uv": [33, 37], "uv_size": [1, 0.5]},
								"down": {"uv": [37, 33.5], "uv_size": [1, -0.5]}
							}
						},
						{
							"origin": [-0.29687, 0.74688, -4.20937],
							"size": [0.59375, 0.10938, 3],
							"uv": {
								"east": {"uv": [37, 1], "uv_size": [3, 0.5]},
								"west": {"uv": [37, 2], "uv_size": [3, 0.5]},
								"up": {"uv": [37, 3], "uv_size": [0.5, 3]}
							}
						},
						{
							"origin": [-0.375, 0.49688, -4.33437],
							"size": [0.75, 0.4375, 0.5],
							"uv": {
								"north": {"uv": [34, 37], "uv_size": [1, 0.5]},
								"east": {"uv": [4, 39], "uv_size": [0.5, 0.5]},
								"south": {"uv": [37, 34], "uv_size": [1, 0.5]},
								"west": {"uv": [39, 4], "uv_size": [0.5, 0.5]},
								"up": {"uv": [37, 35], "uv_size": [1, 0.5]},
								"down": {"uv": [36, 37.5], "uv_size": [1, -0.5]}
							}
						},
						{
							"origin": [-0.51562, 0.575, -2.27187],
							"size": [1.03125, 0.35938, 1.75],
							"uv": {
								"north": {"uv": [37, 37], "uv_size": [1, 0.5]},
								"east": {"uv": [37, 8], "uv_size": [2, 0.5]},
								"south": {"uv": [38, 3], "uv_size": [1, 0.5]},
								"west": {"uv": [37, 9], "uv_size": [2, 0.5]},
								"up": {"uv": [8, 36], "uv_size": [1, 2]},
								"down": {"uv": [9, 38], "uv_size": [1, -2]}
							}
						},
						{
							"origin": [-0.52344, 0.73125, -2.22499],
							"size": [1.04688, 0.09376, 0.82813],
							"uv": {
								"east": {"uv": [87, 91.5], "uv_size": [-80.5, 6.5]},
								"west": {"uv": [6.5, 91.5], "uv_size": [80.5, 6.5]}
							}
						},
						{
							"origin": [-1.14975, 0.85863, -1.13157],
							"size": [0.04647, 0.094, -0.08839],
							"pivot": [-0.82812, -4.85937, -2.07812],
							"rotation": [0, 45, 0],
							"uv": {
								"north": {"uv": [39, 10], "uv_size": [0.5, 0.5]},
								"east": {"uv": [11, 39], "uv_size": [0.5, 0.5]},
								"south": {"uv": [39, 11], "uv_size": [0.5, 0.5]},
								"west": {"uv": [12, 39], "uv_size": [0.5, 0.5]},
								"up": {"uv": [39, 12], "uv_size": [0.5, 0.5]},
								"down": {"uv": [13, 39.5], "uv_size": [0.5, -0.5]}
							}
						},
						{
							"origin": [-0.39975, 0.85863, -1.21424],
							"size": [0.23388, 0.094, 0.2505],
							"uv": {
								"north": {"uv": [39, 13], "uv_size": [0.5, 0.5]},
								"east": {"uv": [14, 39], "uv_size": [0.5, 0.5]},
								"south": {"uv": [39, 14], "uv_size": [0.5, 0.5]},
								"west": {"uv": [15, 39], "uv_size": [0.5, 0.5]},
								"up": {"uv": [39, 15], "uv_size": [0.5, 0.5]},
								"down": {"uv": [16, 39.5], "uv_size": [0.5, -0.5]}
							}
						},
						{
							"origin": [-0.89975, 0.85863, -0.85032],
							"size": [0.04647, 0.094, -0.08839],
							"pivot": [-0.57812, -4.85937, -1.79687],
							"rotation": [0, 45, 0],
							"uv": {
								"north": {"uv": [39, 16], "uv_size": [0.5, 0.5]},
								"east": {"uv": [17, 39], "uv_size": [0.5, 0.5]},
								"south": {"uv": [39, 17], "uv_size": [0.5, 0.5]},
								"west": {"uv": [18, 39], "uv_size": [0.5, 0.5]},
								"up": {"uv": [39, 18], "uv_size": [0.5, 0.5]},
								"down": {"uv": [19, 39.5], "uv_size": [0.5, -0.5]}
							}
						},
						{
							"origin": [1.1189, 0.85863, -1.13157],
							"size": [0.04647, 0.094, -0.08839],
							"pivot": [0.84375, -4.85937, -2.07812],
							"rotation": [0, -45, 0],
							"uv": {
								"north": {"uv": [39, 19], "uv_size": [0.5, 0.5]},
								"east": {"uv": [20, 39], "uv_size": [0.5, 0.5]},
								"south": {"uv": [39, 20], "uv_size": [0.5, 0.5]},
								"west": {"uv": [21, 39], "uv_size": [0.5, 0.5]},
								"up": {"uv": [39, 21], "uv_size": [0.5, 0.5]},
								"down": {"uv": [22, 39.5], "uv_size": [0.5, -0.5]}
							}
						},
						{
							"origin": [0.17837, 0.85863, -1.21424],
							"size": [0.23388, 0.094, 0.2505],
							"uv": {
								"north": {"uv": [39, 22], "uv_size": [0.5, 0.5]},
								"east": {"uv": [23, 39], "uv_size": [0.5, 0.5]},
								"south": {"uv": [39, 23], "uv_size": [0.5, 0.5]},
								"west": {"uv": [24, 39], "uv_size": [0.5, 0.5]},
								"up": {"uv": [39, 24], "uv_size": [0.5, 0.5]},
								"down": {"uv": [25, 39.5], "uv_size": [0.5, -0.5]}
							}
						},
						{
							"origin": [0.8689, 0.85863, -0.85032],
							"size": [0.04647, 0.094, -0.08839],
							"pivot": [0.59375, -4.85937, -1.79687],
							"rotation": [0, -45, 0],
							"uv": {
								"north": {"uv": [39, 25], "uv_size": [0.5, 0.5]},
								"east": {"uv": [26, 39], "uv_size": [0.5, 0.5]},
								"south": {"uv": [39, 26], "uv_size": [0.5, 0.5]},
								"west": {"uv": [27, 39], "uv_size": [0.5, 0.5]},
								"up": {"uv": [39, 27], "uv_size": [0.5, 0.5]},
								"down": {"uv": [28, 39.5], "uv_size": [0.5, -0.5]}
							}
						},
						{
							"origin": [0.28765, 0.85863, -1.56907],
							"size": [0.04647, 0.094, -0.08839],
							"pivot": [0.0125, -4.85937, -2.51562],
							"rotation": [0, -45, 0],
							"uv": {
								"north": {"uv": [39, 28], "uv_size": [0.5, 0.5]},
								"east": {"uv": [29, 39], "uv_size": [0.5, 0.5]},
								"south": {"uv": [39, 29], "uv_size": [0.5, 0.5]},
								"west": {"uv": [39, 30], "uv_size": [0.5, 0.5]},
								"up": {"uv": [31, 39], "uv_size": [0.5, 0.5]},
								"down": {"uv": [39, 31.5], "uv_size": [0.5, -0.5]}
							}
						},
						{
							"origin": [-0.32163, 0.85863, -1.56907],
							"size": [0.04647, 0.094, -0.08839],
							"pivot": [0, -4.85937, -2.51562],
							"rotation": [0, 45, 0],
							"uv": {
								"north": {"uv": [32, 39], "uv_size": [0.5, 0.5]},
								"east": {"uv": [39, 32], "uv_size": [0.5, 0.5]},
								"south": {"uv": [33, 39], "uv_size": [0.5, 0.5]},
								"west": {"uv": [39, 33], "uv_size": [0.5, 0.5]},
								"up": {"uv": [34, 39], "uv_size": [0.5, 0.5]},
								"down": {"uv": [39, 34.5], "uv_size": [0.5, -0.5]}
							}
						},
						{
							"origin": [1.1189, 0.85863, -1.65503],
							"size": [0.04647, 0.094, -0.08839],
							"pivot": [0.84375, -4.85937, -0.79687],
							"rotation": [0, 45, 0],
							"uv": {
								"north": {"uv": [39, 35], "uv_size": [0.5, 0.5]},
								"east": {"uv": [36, 39], "uv_size": [0.5, 0.5]},
								"south": {"uv": [37, 39], "uv_size": [0.5, 0.5]},
								"west": {"uv": [39, 37], "uv_size": [0.5, 0.5]},
								"up": {"uv": [38, 39], "uv_size": [0.5, 0.5]},
								"down": {"uv": [39, 38.5], "uv_size": [0.5, -0.5]}
							}
						},
						{
							"origin": [-1.14975, 0.85863, -1.65503],
							"size": [0.04647, 0.094, -0.08839],
							"pivot": [-0.82812, -4.85937, -0.79687],
							"rotation": [0, -45, 0],
							"uv": {
								"north": {"uv": [39, 39], "uv_size": [0.5, 0.5]},
								"east": {"uv": [0, 40], "uv_size": [0.5, 0.5]},
								"south": {"uv": [1, 40], "uv_size": [0.5, 0.5]},
								"west": {"uv": [40, 1], "uv_size": [0.5, 0.5]},
								"up": {"uv": [2, 40], "uv_size": [0.5, 0.5]},
								"down": {"uv": [40, 2.5], "uv_size": [0.5, -0.5]}
							}
						},
						{
							"origin": [-0.39975, 0.85863, -1.71424],
							"size": [0.812, 0.094, 0.07862],
							"uv": {
								"north": {"uv": [38, 4], "uv_size": [1, 0.5]},
								"east": {"uv": [3, 40], "uv_size": [0.5, 0.5]},
								"south": {"uv": [38, 5], "uv_size": [1, 0.5]},
								"west": {"uv": [40, 3], "uv_size": [0.5, 0.5]},
								"up": {"uv": [6, 38], "uv_size": [1, 0.5]},
								"down": {"uv": [7, 38.5], "uv_size": [1, -0.5]}
							}
						},
						{
							"origin": [-0.46225, 0.85863, -1.65174],
							"size": [0.062, 0.094, 1.01612],
							"uv": {
								"north": {"uv": [4, 40], "uv_size": [0.5, 0.5]},
								"east": {"uv": [8, 38], "uv_size": [1, 0.5]},
								"south": {"uv": [40, 4], "uv_size": [0.5, 0.5]},
								"west": {"uv": [9, 38], "uv_size": [1, 0.5]},
								"up": {"uv": [10, 38], "uv_size": [0.5, 1]},
								"down": {"uv": [38, 11], "uv_size": [0.5, -1]}
							}
						},
						{
							"origin": [0.41275, 0.85863, -1.65174],
							"size": [0.062, 0.094, 1.01612],
							"uv": {
								"north": {"uv": [5, 40], "uv_size": [0.5, 0.5]},
								"east": {"uv": [11, 38], "uv_size": [1, 0.5]},
								"south": {"uv": [40, 5], "uv_size": [0.5, 0.5]},
								"west": {"uv": [12, 38], "uv_size": [1, 0.5]},
								"up": {"uv": [13, 38], "uv_size": [0.5, 1]},
								"down": {"uv": [14, 39], "uv_size": [0.5, -1]}
							}
						},
						{
							"origin": [-0.39975, 0.85863, -0.96424],
							"size": [0.812, 0.094, 0.39112],
							"uv": {
								"north": {"uv": [15, 38], "uv_size": [1, 0.5]},
								"east": {"uv": [6, 40], "uv_size": [0.5, 0.5]},
								"south": {"uv": [16, 38], "uv_size": [1, 0.5]},
								"west": {"uv": [40, 6], "uv_size": [0.5, 0.5]},
								"up": {"uv": [38, 16], "uv_size": [1, 0.5]},
								"down": {"uv": [38, 17.5], "uv_size": [1, -0.5]}
							}
						},
						{
							"origin": [0.28765, 0.85863, -0.62991],
							"size": [0.04647, 0.094, -0.08839],
							"pivot": [0.0125, -4.85937, 0.22826],
							"rotation": [0, 45, 0],
							"uv": {
								"north": {"uv": [7, 40], "uv_size": [0.5, 0.5]},
								"east": {"uv": [40, 7], "uv_size": [0.5, 0.5]},
								"south": {"uv": [8, 40], "uv_size": [0.5, 0.5]},
								"west": {"uv": [40, 8], "uv_size": [0.5, 0.5]},
								"up": {"uv": [9, 40], "uv_size": [0.5, 0.5]},
								"down": {"uv": [40, 9.5], "uv_size": [0.5, -0.5]}
							}
						},
						{
							"origin": [-0.32163, 0.85863, -0.62991],
							"size": [0.04647, 0.094, -0.08839],
							"pivot": [0, -4.85937, 0.22826],
							"rotation": [0, -45, 0],
							"uv": {
								"north": {"uv": [10, 40], "uv_size": [0.5, 0.5]},
								"east": {"uv": [40, 10], "uv_size": [0.5, 0.5]},
								"south": {"uv": [11, 40], "uv_size": [0.5, 0.5]},
								"west": {"uv": [40, 11], "uv_size": [0.5, 0.5]},
								"up": {"uv": [12, 40], "uv_size": [0.5, 0.5]},
								"down": {"uv": [40, 12.5], "uv_size": [0.5, -0.5]}
							}
						},
						{
							"origin": [-0.6875, -0.00312, -3.58437],
							"size": [1.375, 0.3125, 0.3125],
							"pivot": [0, 0.12188, -3.45937],
							"rotation": [45, 0, 0],
							"uv": {
								"north": {"uv": [22, 37], "uv_size": [1.5, 0.5]},
								"east": {"uv": [40, 17], "uv_size": [0.5, 0.5]},
								"south": {"uv": [37, 22], "uv_size": [1.5, 0.5]},
								"west": {"uv": [18, 40], "uv_size": [0.5, 0.5]},
								"up": {"uv": [37, 23], "uv_size": [1.5, 0.5]},
								"down": {"uv": [24, 37.5], "uv_size": [1.5, -0.5]}
							}
						},
						{
							"origin": [-0.40625, 0.55938, -4.14687],
							"size": [0.8125, 0.1875, 0.1875],
							"pivot": [0, 0.62188, -4.08437],
							"rotation": [45, 0, 0],
							"uv": {
								"north": {"uv": [38, 18], "uv_size": [1, 0.5]},
								"east": {"uv": [40, 18], "uv_size": [0.5, 0.5]},
								"south": {"uv": [38, 19], "uv_size": [1, 0.5]},
								"west": {"uv": [19, 40], "uv_size": [0.5, 0.5]},
								"up": {"uv": [38, 20], "uv_size": [1, 0.5]},
								"down": {"uv": [38, 21.5], "uv_size": [1, -0.5]}
							}
						},
						{
							"origin": [-0.54687, 0.66875, -0.63125],
							"size": [1.09375, 0.15625, 0.15625],
							"pivot": [0, 0.71563, -0.58437],
							"rotation": [45, 0, 0],
							"uv": {
								"north": {"uv": [22, 38], "uv_size": [1, 0.5]},
								"east": {"uv": [40, 19], "uv_size": [0.5, 0.5]},
								"south": {"uv": [23, 38], "uv_size": [1, 0.5]},
								"west": {"uv": [20, 40], "uv_size": [0.5, 0.5]},
								"up": {"uv": [24, 38], "uv_size": [1, 0.5]},
								"down": {"uv": [25, 38.5], "uv_size": [1, -0.5]}
							}
						},
						{
							"origin": [-0.6875, -0.00312, -0.58437],
							"size": [1.375, 0.3125, 0.3125],
							"pivot": [0, 0.12188, -0.45937],
							"rotation": [45, 0, 0],
							"uv": {
								"north": {"uv": [37, 24], "uv_size": [1.5, 0.5]},
								"east": {"uv": [40, 20], "uv_size": [0.5, 0.5]},
								"south": {"uv": [37, 25], "uv_size": [1.5, 0.5]},
								"west": {"uv": [21, 40], "uv_size": [0.5, 0.5]},
								"up": {"uv": [26, 37], "uv_size": [1.5, 0.5]},
								"down": {"uv": [37, 26.5], "uv_size": [1.5, -0.5]}
							}
						},
						{
							"origin": [-0.375, 0.55938, -3.83437],
							"size": [0.75, 0.1875, 3.1875],
							"uv": {
								"north": {"uv": [26, 38], "uv_size": [1, 0.5]},
								"east": {"uv": [37, 6], "uv_size": [3, 0.5]},
								"west": {"uv": [37, 7], "uv_size": [3, 0.5]},
								"up": {"uv": [4, 36], "uv_size": [1, 3]},
								"down": {"uv": [5, 39], "uv_size": [1, -3]}
							}
						},
						{
							"origin": [-0.375, 0.41788, -0.9393],
							"size": [0.75, 0.27331, 1.11138],
							"pivot": [0, 0.45314, -0.28833],
							"rotation": [-22.5, 0, 0],
							"uv": {
								"east": {"uv": [27, 38], "uv_size": [1, 0.5]},
								"west": {"uv": [28, 38], "uv_size": [1, 0.5]},
								"up": {"uv": [10, 37], "uv_size": [1, 1]},
								"down": {"uv": [37, 11], "uv_size": [1, -1]}
							}
						},
						{
							"origin": [-0.375, 0.37188, -4.02187],
							"size": [0.75, 0.1875, 3.5],
							"uv": {
								"east": {"uv": [36, 36], "uv_size": [3.5, 0.5]},
								"west": {"uv": [37, 0], "uv_size": [3.5, 0.5]},
								"up": {"uv": [2, 36], "uv_size": [1, 3.5]},
								"down": {"uv": [3, 39.5], "uv_size": [1, -3.5]}
							}
						},
						{
							"origin": [-0.375, 1.03444, -4.19653],
							"size": [0.75, 0.1875, 0.34375],
							"pivot": [0, 1.12819, -5.60278],
							"rotation": [-22.5, 0, 0],
							"uv": {
								"north": {"uv": [29, 38], "uv_size": [1, 0.5]},
								"east": {"uv": [40, 21], "uv_size": [0.5, 0.5]},
								"west": {"uv": [22, 40], "uv_size": [0.5, 0.5]},
								"up": {"uv": [31, 38], "uv_size": [1, 0.5]},
								"down": {"uv": [38, 31.5], "uv_size": [1, -0.5]}
							}
						},
						{
							"origin": [-0.625, 0.05938, -3.77187],
							"size": [1.25, 0.375, 3.75],
							"uv": {
								"north": {"uv": [37, 27], "uv_size": [1.5, 0.5]},
								"east": {"uv": [10, 36], "uv_size": [4, 0.5]},
								"south": {"uv": [28, 37], "uv_size": [1.5, 0.5]},
								"west": {"uv": [14, 36], "uv_size": [4, 0.5]},
								"up": {"uv": [0, 36], "uv_size": [1.5, 4]}
							}
						},
						{
							"origin": [-0.63281, 0.16876, -2.89687],
							"size": [1.26563, 0.125, 0.8125],
							"uv": {
								"east": {"uv": [6.5, 76], "uv_size": [52, 8]},
								"west": {"uv": [6.5, 76], "uv_size": [52, 8]}
							}
						},
						{
							"origin": [0.41096, 0.00917, -3.77187],
							"size": [0.1875, 0.17678, 3.75],
							"pivot": [0.03596, 0.10292, -3.52187],
							"rotation": [0, 0, -45],
							"uv": {
								"north": {"uv": [40, 22], "uv_size": [0.5, 0.5]},
								"south": {"uv": [23, 40], "uv_size": [0.5, 0.5]},
								"west": {"uv": [18, 36], "uv_size": [4, 0.5]}
							}
						},
						{
							"origin": [-0.59846, 0.00917, -3.77187],
							"size": [0.1875, 0.17678, 3.75],
							"pivot": [-0.03596, 0.10292, -3.52187],
							"rotation": [0, 0, 45],
							"uv": {
								"north": {"uv": [40, 23], "uv_size": [0.5, 0.5]},
								"east": {"uv": [22, 36], "uv_size": [4, 0.5]},
								"south": {"uv": [24, 40], "uv_size": [0.5, 0.5]}
							}
						},
						{
							"origin": [0.32322, -0.06562, -3.77187],
							"size": [0.25, 0.25, 3.75],
							"pivot": [0.44822, 0.05938, 0.22812],
							"rotation": [0, 0, 45],
							"uv": {
								"north": {"uv": [40, 24], "uv_size": [0.5, 0.5]},
								"south": {"uv": [25, 40], "uv_size": [0.5, 0.5]},
								"west": {"uv": [26, 36], "uv_size": [4, 0.5]},
								"down": {"uv": [30, 40], "uv_size": [0.5, -4]}
							}
						},
						{
							"origin": [-0.57322, -0.06562, -3.77187],
							"size": [0.25, 0.25, 3.75],
							"pivot": [-0.44822, 0.05938, 0.22812],
							"rotation": [0, 0, -45],
							"uv": {
								"north": {"uv": [40, 25], "uv_size": [0.5, 0.5]},
								"east": {"uv": [31, 36], "uv_size": [4, 0.5]},
								"south": {"uv": [26, 40], "uv_size": [0.5, 0.5]},
								"down": {"uv": [35, 40], "uv_size": [0.5, -4]}
							}
						},
						{
							"origin": [-0.375, 0.21563, -0.52187],
							"size": [0.75, 0.28125, 0.75],
							"uv": {
								"north": {"uv": [32, 38], "uv_size": [1, 0.5]},
								"east": {"uv": [40, 26], "uv_size": [0.5, 0.5]},
								"south": {"uv": [38, 32], "uv_size": [1, 0.5]},
								"west": {"uv": [27, 40], "uv_size": [0.5, 0.5]}
							}
						},
						{
							"origin": [-0.375, 0.38663, -0.79867],
							"size": [0.14063, 0.32385, 1.02001],
							"pivot": [0, 0.48439, -0.2102],
							"rotation": [-22.5, 0, 0],
							"uv": {
								"east": {"uv": [33, 38], "uv_size": [1, 0.5]},
								"west": {"uv": [38, 33], "uv_size": [1, 0.5]},
								"up": {"uv": [34, 38], "uv_size": [0.5, 1]}
							}
						},
						{
							"origin": [-0.375, 0.21563, -0.44374],
							"size": [0.14063, 0.3125, 0.71875],
							"uv": {
								"east": {"uv": [40, 27], "uv_size": [0.5, 0.5]},
								"south": {"uv": [28, 40], "uv_size": [0.5, 0.5]},
								"west": {"uv": [40, 28], "uv_size": [0.5, 0.5]},
								"down": {"uv": [29, 40.5], "uv_size": [0.5, -0.5]}
							}
						},
						{
							"origin": [0.23438, 0.38663, -0.79867],
							"size": [0.14063, 0.32385, 1.02001],
							"pivot": [0, 0.48439, -0.2102],
							"rotation": [-22.5, 0, 0],
							"uv": {
								"east": {"uv": [38, 34], "uv_size": [1, 0.5]},
								"west": {"uv": [38, 35], "uv_size": [1, 0.5]},
								"up": {"uv": [36, 38], "uv_size": [0.5, 1]}
							}
						},
						{
							"origin": [0.23438, 0.21563, -0.44374],
							"size": [0.14063, 0.3125, 0.71875],
							"uv": {
								"east": {"uv": [40, 29], "uv_size": [0.5, 0.5]},
								"south": {"uv": [30, 40], "uv_size": [0.5, 0.5]},
								"west": {"uv": [40, 30], "uv_size": [0.5, 0.5]},
								"down": {"uv": [31, 40.5], "uv_size": [0.5, -0.5]}
							}
						}
					]
				},
				{
					"name": "bone19_illuminated",
					"parent": "sight2",
					"pivot": [0, 9.34375, 6.70313]
				}
			]
		}
	]
}